organization,type,gender,name,link,,,
Hong Kong Rabit Society,Rabbit,F,Vico,https://siuyeo.ng/hkaad20251225,,,
Hong Kong Dog Rescue,Dog,F,Gladys,https://siuyeo.ng/hkaad20251224,,,
SPCA,Dog,M,浩浩,https://siuyeo.ng/hkaad20251223,,,
Paws United Charity,Dog,F,Bridgette,https://siuyeo.ng/hkaad20251222,,,
HKSCDA,Cat,F,Donki,https://siuyeo.ng/hkaad20251221,,,
SAA,Cat,F,Saturday,https://siuyeo.ng/hkaad20251220,,,
HKAAC,Cat,F,Lulu,https://siuyeo.ng/hkaad20251219,,,
HKHERP,Turtle,N/A,紅豆,https://siuyeo.ng/hkaad20251218,,,
Hong Kong Rabit Society,Rabbit,F,Zespri,https://siuyeo.ng/hkaad20251217,,,
Hong Kong Dog Rescue,Dog,M,Wolfie,https://siuyeo.ng/hkaad20251216,,,
SPCA,Cat,F,Sailor,https://siuyeo.ng/hkadd20251215,,,
Paws United Charity,Cat,F,Letty,https://siuyeo.ng/hkaad20251214,,,
HKSCDA,Cat,M,錦小龍,https://siuyeo.ng/hkaad20251213,,,
SAA,Cat,F,Wednesday,https://siuyeo.ng/hkaad20251212,,,
HKAAC,Cat,F,Mimi,https://siuyeo.ng/hkaad20251211,,,
HKHERP,Snake,N/A,AC08,https://siuyeo.ng/hkaad20251210,,,
Hong Kong Rabit Society,Rabbit,F,Mofu,https://siuyeo.ng/hkaad20251209,,,
Hong Kong Dog Rescue,Dog,M,Gallant,https://siuyeo.ng/hkaad20251208,,,
SPCA,Cat,M,Wavey,https://siuyeo.ng/hkaad20251207,,,
Paws United Charity,Dog,F,Holly,https://siuyeo.ng/hkaad20251206,,,
HKSCDA,Cat,F,WINWIN,https://siuyeo.ng/hkadd20251205,,,
SAA,Cat,F,Monday,https://siuyeo.ng/hkaad20251204,,,
HKAAC,Cat,M,亞黃,https://siuyeo.ng/hkaad20251203,,,
HKHERP,Frog,N/A,蛋黃妹,https://siuyeo.ng/hkaad20251202,,,
Hong Kong Rabit Society,Rabbit,M,Reo,https://siuyeo.ng/hkaad20251201,,,
Hong Kong Dog Rescue,Dog,M,Justin,https://siuyeo.ng/hkaad20251130,,,
SPCA,Cat,F,Charlotte,https://siuyeo.ng/hkaad20251129,,,
Paws United Charity,Dog,M,Aaron,https://siuyeo.ng/hkaad20251128,,,
HKSCDA,Cat,F,周生生,https://siuyeo.ng/hkaad20251127,,,
SAA,Cat,F,Sugar,https://siuyeo.ng/hkaad20251126,,,
HKAAC,Dog,M,Billy,https://siuyeo.ng/hkaad20251125,,,
HKHERP,Snake,N/A,阿橙,https://siuyeo.ng/hkaad20251124,,,
Hong Kong Rabit Society,Rabbit,F,Lana,https://siuyeo.ng/hkaad20251123,,,
Hong Kong Dog Rescue,Dog,F,Simone,https://siuyeo.ng/hkaad20251122,,,
SPCA,Dog,M,貝貝,https://siuyeo.ng/hkaad20251121,,,
Paws United Charity,Dog,F,Bridgette,https://siuyeo.ng/hkaad20251120,,,
HKSCDA,Cat,F,金三妹,https://siuyeo.ng/hkaad20251119,,,
SAA,Cat,F,Doddie,https://siuyeo.ng/hkaad20251118,,,
HKAAC,Cat,M,喱喱,https://siuyeo.ng/hkaad20251117,,,
HKHERP,Turtle,N/A,紅豆,https://siuyeo.ng/hkaad20251116,,,
Hong Kong Rabit Society,Rabbit,F,Koaki,https://siuyeo.ng/hkaad20251115,,,
Hong Kong Dog Rescue,Dog,M,Nino,https://siuyeo.ng/hkaad20251114,,,
SPCA,Dog,F,Mia,https://siuyeo.ng/hkaad20251113,,,
Paws United Charity,Dog,F,Rachel,https://siuyeo.ng/hkaad20251112,,,
HKSCDA,Cat,F,金大妹,https://siuyeo.ng/hkaad20251111,,,
SAA,Cat,F,Cody,https://siuyeo.ng/hkaad20251110,,,
HKAAC,Cat,M,亞蝦,https://siuyeo.ng/hkaad20251109,,,
HKHERP,Frog,N/A,蛋黃妹,https://siuyeo.ng/hkaad20251108,,,
Hong Kong Rabit Society,Rabbit,F,Joni,https://siuyeo.ng/hkaad20251107,,,
Hong Kong Dog Rescue,Dog,M,Todd,https://siuyeo.ng/hkaad20251106,,,
SPCA,Cat,M,峰峰,https://siuyeo.ng/hkaad20251105,,,
Paws United Charity,Dog,F,Kylie,https://siuyeo.ng/hkaad20251104,,,
HKSCDA,Cat,M,樂樂,https://siuyeo.ng/hkaad20251103,,,
SAA,Cat,F,Wasabi,https://siuyeo.ng/hkaad20251102,,,
HKAAC,Dog,F,香蕉,https://siuyeo.ng/hkaad20251101,,,
HKHERP,Snake,N/A,阿橙,https://siuyeo.ng/hkaad20251031,,,
Hong Kong Rabit Society,Rabbit,F,Yama,https://siuyeo.ng/hkaad20251030,,,
Hong Kong Dog Rescue,Dog,M,Mercury,https://siuyeo.ng/hkaad20251029,,,
SPCA,Dog,F,Spongebob,https://siuyeo.ng/hkaad20251028,,,
Paws United Charity,Dog,F,Sienna,https://siuyeo.ng/hkaad20251027,,,
HKSCDA,Cat,F,古心怡,https://siuyeo.ng/hkaad20251026,,,
SAA,Cat,F,Yan Yan,https://siuyeo.ng/hkaad20251025,,,
HKAAC,Dog,F,乖乖,https://siuyeo.ng/hkaad20251024,,,
HKHERP,Turtle,N/A,紅豆,https://siuyeo.ng/hkaad20251023,,,
Hong Kong Rabit Society,Rabbit,F,Ciwi,https://siuyeo.ng/hkaad20251022,,,
Hong Kong Dog Rescue,Dog,M,Tumble,https://siuyeo.ng/hkaad20251021,,,
SPCA,Dog,F,Moana,https://siuyeo.ng/hkaad20251020,,,
Paws United Charity,Dog,F,Bridgette,https://siuyeo.ng/hkaad20251019,,,
HKSCDA,Cat,M,細佬,https://siuyeo.ng/hkaad20251018,,,
SAA,Cat,F,Mei Mei,https://siuyeo.ng/hkaad20251017,,,
HKAAC,Cat,M,Winson,https://siuyeo.ng/hkaad20251016,,,
HKHERP,Frog,N/A,蛋黃妹,https://siuyeo.ng/hkaad20251015,,,
Hong Kong Rabit Society,Rabbit,M,Vegas,https://siuyeo.ng/hkaad20251014,,,
Hong Kong Dog Rescue,Dog,F,Erin,https://siuyeo.ng/hkaad20251013,,,
SPCA,Dog,M,小邁,https://siuyeo.ng/hkaad20251012,,,
Paws United Charity,Dog,F,Swan,https://siuyeo.ng/hkaad20251011,,,
HKSCDA,Cat,F,水飯飯,https://siuyeo.ng/hkaad20251010,,,
SAA,Cat,F,Z,https://siuyeo.ng/hkaad20251009,,,
HKAAC,Dog,M,叻仔,https://siuyeo.ng/hkaad20251008,,,
HKHERP,Snake,N/A,阿橙,https://siuyeo.ng/hkaad20251007,,,
Hong Kong Rabit Society,Rabbit,M,Gin,https://siuyeo.ng/hkaad20251006,,,
Hong Kong Dog Rescue,Dog,F,Unity,https://siuyeo.ng/hkaad20251005,,,
SPCA,Dog,F,琑琑,https://siuyeo.ng/hkaad20251004,,,
Paws United Charity,Dog,M,Bose,https://siuyeo.ng/hkaad20251003,,,
HKSCDA,Cat,F,美細妹,https://siuyeo.ng/hkaad20251002,,,
SAA,Cat,M,Tab,https://siuyeo.ng/hkaad20251001,,,
HKAAC,Dog,M,Windsor,https://siuyeo.ng/hkaad20250930,,,
HKHERP,Turtle,N/A,紅豆,https://siuyeo.ng/hkaad20250929,,,
Hong Kong Rabit Society,Rabbit,F,Gulu,https://siuyeo.ng/hkaad20250928,,,
Hong Kong Dog Rescue,Dog,F,Viva,https://siuyeo.ng/hkaad20250927,,,
SPCA,Dog,F,Dorma,https://siuyeo.ng/hkaad20250926,,,
Paws United Charity,Dog,M,George,https://siuyeo.ng/hkaad20250925,,,
HKSCDA,Cat,F,美家姐,https://siuyeo.ng/hkaad20250924,,,
SAA,Cat,M,Gin,https://siuyeo.ng/hkaad20250923,,,
HKAAC,Dog,M,Bear Bear,https://siuyeo.ng/hkaad20250922,,,
HKHERP,Frog,N/A,蛋黃妹,https://siuyeo.ng/hkaad20250921,,,
Hong Kong Rabit Society,Rabbit,M,Goma,https://siuyeo.ng/hkaad20250920,,,
Hong Kong Dog Rescue,Dog,M,Theo,https://siuyeo.ng/hkaad20250919,,,
SPCA,Dog,M,樂諾,https://siuyeo.ng/hkaad20250918,,,
Paws United Charity,Dog,F,Sammy,https://siuyeo.ng/hkaad20250917,,,
HKSCDA,Cat,F,王梅子,https://siuyeo.ng/hkaad20250916,,,
SAA,Cat,F,Dit Dit,https://siuyeo.ng/hkaad20250915,,,
HKAAC,Cat,M,喱喱,https://siuyeo.ng/hkaad20250914,,,
HKHERP,Turtle,N/A,阿聰,https://siuyeo.ng/hkaad20250913,,,
Hong Kong Rabit Society,Rabbit,F,Lilo,https://siuyeo.ng/hkaad20250912,,,
Hong Kong Dog Rescue,Dog,F,Kira,https://siuyeo.ng/hkaad20250911,,,
SPCA,Dog,M,Truffle,https://siuyeo.ng/hkaad20250910,,,
Paws United Charity,Dog,F,Sandra,https://siuyeo.ng/hkaad20250909,,,
HKSCDA,Cat,F,靜靜,https://siuyeo.ng/hkaad20250908,,,
SAA,Cat,M,DuDu,https://siuyeo.ng/hkaad20250907,,,
HKAAC,Cat,F,黑芝麻,https://siuyeo.ng/hkaad20250906,,,
HKHERP,Lizard,M,Crown,https://siuyeo.ng/hkaad20250905,,,
Hong Kong Rabit Society,Rabbit,F,Mugi,https://siuyeo.ng/hkaad20250904,,,
Hong Kong Dog Rescue,Dog,M,Wiggy,https://siuyeo.ng/hkaad20250903,,,
SPCA,Dog,M,Choco,https://siuyeo.ng/hkaad20250902,,,
Paws United Charity,Dog,F,Sonos,https://siuyeo.ng/hkaad20250901,,,
HKSCDA,Cat,F,埔娃娃,https://siuyeo.ng/hkaad20250831,,,
SAA,Cat,F,嘉嘉,https://siuyeo.ng/hkaad20250830,,,
HKAAC,Cat,F,安安,https://siuyeo.ng/hkaad20250829,,,
HKHERP,Snake,N/A,阿橙,https://siuyeo.ng/hkaad20250828,,,
Hong Kong Rabit Society,Rabbit,F,Bokki,https://siuyeo.ng/hkaad20250827,,,
Hong Kong Dog Rescue,Dog,M,Ziggy,https://siuyeo.ng/hkaad20250826,,,
SPCA,Dog,M,Solar,https://siuyeo.ng/hkaad20250825,,,
Paws United Charity,Dog,M,Almond,https://siuyeo.ng/hkaad20250824,,,
HKSCDA,Cat,M,囝囝,https://siuyeo.ng/hkaad20250823,,,
SAA,Cat,M,松松,https://siuyeo.ng/hkaad20250822,,,
HKAAC,Dog,M,Billy,https://siuyeo.ng/hkaad20250821,,,
HKHERP,Turtle,N/A,阿聰,https://siuyeo.ng/hkaad20250820,,,
Hong Kong Rabit Society,Rabbit,F,Mercury,https://siuyeo.ng/hkaad20250819,,,
Hong Kong Dog Rescue,Dog,F,Tinker,https://siuyeo.ng/hkaad20250818,,,
SPCA,Dog,F,Minions,https://siuyeo.ng/hkaad20250817,,,
Paws United Charity,Dog,F,Holly,https://siuyeo.ng/hkaad20250816,,,
HKSCDA,Cat,F,雪碧,https://siuyeo.ng/hkaad20250815,,,
SAA,Cat,F,露露,https://siuyeo.ng/hkaad20250814,,,
HKAAC,Dog,M,豬仔,https://siuyeo.ng/hkaad20250813,,,
HKHERP,Frog,N/A,蛋黃妹,https://siuyeo.ng/hkaad20250812,,,
Hong Kong Rabit Society,Rabbit,M,Slinky,https://siuyeo.ng/hkaad20250811,,,
Hong Kong Dog Rescue,Dog,F,Omega,https://siuyeo.ng/hkaad20250810,,,
SPCA,Dog,M,Don Don,https://siuyeo.ng/hkaad20250809,,,
Paws United Charity,Dog,M,Frank,https://siuyeo.ng/hkaad20250808,,,
HKSCDA,Cat,F,芬達,https://siuyeo.ng/hkaad20250807,,,
SAA,Cat,F,Puffie,https://siuyeo.ng/hkaad20250806,,,
HKAAC,Cat,M,仔仔,https://siuyeo.ng/hkaad20250805,,,
HKHERP,Turtle,N/A,紅豆,https://siuyeo.ng/hkaad20250804,,,
Hong Kong Rabit Society,Rabbit,F,Woody,https://siuyeo.ng/hkaad20250803,,,
Hong Kong Dog Rescue,Dog,M,Oscar,https://siuyeo.ng/hkaad20250802,,,
SPCA,Cat,F,黑黑,https://siuyeo.ng/hkaad20250801,,,
Paws United Charity,Cat,M,Lodi,https://siuyeo.ng/hkaad20250731,,,
HKSCDA,Cat,M,大腳板,https://siuyeo.ng/hkaad20250730,,,
SAA,Cat,M,Bill Bill,https://siuyeo.ng/hkaad20250729,,,
HKAAC,Cat,F,Renee,https://siuyeo.ng/hkaad20250728,,,
HKHERP,Snake,N/A,阿橙,https://siuyeo.ng/hkaad20250727,,,
Hong Kong Rabit Society,Rabbit,F,Bubbly,https://siuyeo.ng/hkaad20250726,,,
Hong Kong Dog Rescue,Dog,F,Coral,https://siuyeo.ng/hkaad20250725,,,
SPCA,Dog,M,James,https://siuyeo.ng/hkaad20250724,,,
Paws United Charity,Cat,F,Maisy,https://siuyeo.ng/hkaad20250723,,,
HKSCDA,Cat,M,Soriano,https://siuyeo.ng/hkaad20250722,,,
SAA,Cat,F,Luna,https://siuyeo.ng/hkaad20250721,,,
HKAAC,Cat,M,Romeo,https://siuyeo.ng/hkaad20250720,,,
HKHERP,Frog,N/A,蛋黃妹,https://siuyeo.ng/hkaad20250719,,,
Hong Kong Rabit Society,Rabbit,F,Brulee,https://siuyeo.ng/hkaad20250718,,,
Hong Kong Dog Rescue,Dog,M,Carter,https://siuyeo.ng/hkaad20250717,,,
SPCA,Dog,M,鼻鼻,https://siuyeo.ng/hkaad20250716,,,
Paws United Charity,Cat,M,Bobbie,https://siuyeo.ng/hkaad20250715,,,
HKSCDA,Cat,M,Leon,https://siuyeo.ng/hkaad20250714,,,
SAA,Cat,M,Sol,https://siuyeo.ng/hkaad20250713,,,
HKAAC,Cat,F,辣椒妹,https://siuyeo.ng/hkaad20250712,,,
HKHERP,Turtle,N/A,紅豆,https://siuyeo.ng/hkaad20250711,,,
Hong Kong Rabit Society,Rabbit,F,Qoo,https://siuyeo.ng/hkaad20250710,,,
Hong Kong Dog Rescue,Dog,M,Jimmy,https://siuyeo.ng/hkaad20250709,,,
SPCA,Dog,F,Gigi,https://siuyeo.ng/hkaad20250708,,,
Paws United Charity,Dog,F,Meko,https://siuyeo.ng/hkaad20250707,,,
HKSCDA,Cat,M,嘟嘟,https://siuyeo.ng/hkaad20250706,,,
SAA,Cat,M,水水,https://siuyeo.ng/hkaad20250705,,,
HKAAC,Cat,F,Mimi,https://siuyeo.ng/hkaad20250704,,,
HKHERP,Snake,N/A,阿橙,https://siuyeo.ng/hkaad20250703,,,
Hong Kong Rabit Society,Rabbit,F,Monki,https://siuyeo.ng/hkaad20250702,,,
Hong Kong Dog Rescue,Dog,M,Roman,https://siuyeo.ng/hkaad20250701,,,
SPCA,Cat,F,點點,https://siuyeo.ng/hkaad20250630,,,
Paws United Charity,Dog,F,Fiat,https://siuyeo.ng/hkaad20250629,,,
HKSCDA,Cat,M,Cello,https://siuyeo.ng/hkaad20250628,,,
SAA,Cat,F,小花,https://siuyeo.ng/hkaad20250627,,,
HKAAC,Dog,M,吉仔,https://siuyeo.ng/hkaad20250626,,,
HKHERP,Snake,N/A,Higos,https://siuyeo.ng/hkaad20250625,,,
Hong Kong Rabit Society,Rabbit,F,Gloria,https://siuyeo.ng/hkaad20250624,,,
Hong Kong Dog Rescue,Dog,F,Sabrina,https://siuyeo.ng/hkaad20250623,,,
SPCA,Dog,F,芝麻,https://siuyeo.ng/hkaad20250622,,,
Paws United Charity,Cat,F,Pewter,https://siuyeo.ng/hkaad20250621,,,
HKSCDA,Cat,M,晨光,https://siuyeo.ng/hkaad20250620,,,
SAA,Cat,M,Panther,https://siuyeo.ng/hkaad20250619,,,
HKAAC,Cat,F,Lucy,https://siuyeo.ng/hkaad20250618,,,
HKHERP,Frog,N/A,蛋黃妹,https://siuyeo.ng/hkaad20250617,,,
Hong Kong Rabit Society,Rabbit,F,Jippi,https://siuyeo.ng/hkaad20250616,,,
Hong Kong Dog Rescue,Dog,M,Josh,https://siuyeo.ng/hkaad20250615,,,
SPCA,Cat,M,細細,https://siuyeo.ng/hkaad20250614,,,
Paws United Charity,Dog,M,George,https://siuyeo.ng/hkaad20250613,,,
HKSCDA,Cat,M,叮噹,https://siuyeo.ng/hkaad20250612,,,
SAA,Cat,M,安安,https://siuyeo.ng/hkaad20250611,,,
HKAAC,Cat,M,亞黃,https://siuyeo.ng/hkaad20250610,,,
HKHERP,Lizard,N/A,Martini,https://siuyeo.ng/hkaad20250609,,,
Hong Kong Rabit Society,Rabbit,M,Solstice,https://siuyeo.ng/hkaad20250608,,,
Hong Kong Dog Rescue,Dog,F,Piggy,https://siuyeo.ng/hkaad20250607,,,
SPCA,Dog,M,烏龍,https://siuyeo.ng/hkaad20250606,,,
Paws United Charity,Dog,M,Berry,https://siuyeo.ng/hkaad20250605,,,
HKSCDA,Cat,F,山旮旯,https://siuyeo.ng/hkaad20250604,,,
SAA,Cat,M,Cooper,https://siuyeo.ng/hkaad20250603,,,
HKAAC,Dog,F,朱事丁妹妹,https://siuyeo.ng/hkaad20250602,,,
HKHERP,Snake,N/A,蟒友,https://siuyeo.ng/hkaad20250601,,,
Hong Kong Rabit Society,Rabbit,F,Oggy,https://siuyeo.ng/hkaad20250531,,,
Hong Kong Dog Rescue,Dog,M,Duke,https://siuyeo.ng/hkaad20250530,,,
SPCA,Dog,M,Nash,https://siuyeo.ng/hkaad20250529,,,
Paws United Charity,Cat,F,Mindy,https://siuyeo.ng/hkaad20250528,,,
HKSCDA,Cat,F,KellyB,https://siuyeo.ng/hkaad20250527,,,
SAA,Cat,F,La La,https://siuyeo.ng/hkaad20250526,,,
HKAAC,Dog,M,勝勝,https://siuyeo.ng/hkaad20250525,,,
HKHERP,Snake,N/A,迷蟒,https://siuyeo.ng/hkaad20250524,,,
Hong Kong Rabit Society,Rabbit,M,Smokey,https://siuyeo.ng/hkaad20250523,,,
Hong Kong Dog Rescue,Dog,M,Phoenix,https://siuyeo.ng/hkaad20250522,,,
SPCA,Dog,M,灘仔,https://siuyeo.ng/hkaad20250521,,,
Paws United Charity,Dog,F,Wooly,https://siuyeo.ng/hkaad20250520,,,
HKSCDA,Cat,M,荃森森,https://siuyeo.ng/hkaad20250519,,,
SAA,Cat,F,妮妮,https://siuyeo.ng/hkaad20250518,,,
HKAAC,Cat,F,Lulu,https://siuyeo.ng/hkaad20250517,,,
HKHERP,Snake,N/A,蟒掂,https://siuyeo.ng/hkaad20250516,,,
Hong Kong Rabit Society,Rabbit,M,Arroyo,https://siuyeo.ng/hkaad20250515,,,
Hong Kong Dog Rescue,Dog,M,Ike,https://siuyeo.ng/hkaad20250514,,,
SPCA,Dog,F,Kammi,https://siuyeo.ng/hkaad20250513,,,
Paws United Charity,Dog,M,Almond,https://siuyeo.ng/hkaad20250512,,,
HKSCDA,Cat,M,荃圍圍,https://siuyeo.ng/hkaad20250511,,,
SAA,Cat,F,多多,https://siuyeo.ng/hkaad20250510,,,
HKAAC,Cat,F,小瑩瑩,https://siuyeo.ng/hkaad20250509,,,
HKHERP,Snake,N/A,余仁生,https://siuyeo.ng/hkaad20250508,,,
Hong Kong Rabit Society,Rabbit,F,Melty,https://siuyeo.ng/hkaad20250507,,,
Hong Kong Dog Rescue,Dog,F,Plum,https://siuyeo.ng/hkaad20250506,,,
SPCA,Dog,M,龍仔,https://siuyeo.ng/hkaad20250505,,,
Paws United Charity,Dog,F,Sandra,https://siuyeo.ng/hkaad20250504,,,
HKSCDA,Cat,M,埔埔豬,https://siuyeo.ng/hkaad20250503,,,
SAA,Cat,F,阿V,https://siuyeo.ng/hkaad20250502,,,
HKAAC,Cat,F,金比,https://siuyeo.ng/hkaad20250501,,,
HKHERP,Turtle,M,寶寶,https://siuyeo.ng/hkaad20250430,,,
Hong Kong Rabit Society,Rabbit,M,Vodka,https://siuyeo.ng/hkaad20250429,,,
Hong Kong Dog Rescue,Dog,F,Misty,https://siuyeo.ng/hkaad20250428,,,
SPCA,Dog,F,Bambi,https://siuyeo.ng/hkaad20250427,,,
Paws United Charity,Dog,M,Coconut,https://siuyeo.ng/hkaad20250426,,,
HKSCDA,Cat,F,Shira,https://siuyeo.ng/hkaad20250425,,,
SAA,Cat,F,阿里里,https://siuyeo.ng/hkaad20250424,,,
HKAAC,Cat,F,囡囡,https://siuyeo.ng/hkaad20250423,,,
HKHERP,Turtle,N/A,紅豆,https://siuyeo.ng/hkaad20250422,,,
Hong Kong Rabit Society,Rabbit,M,Aiden,https://siuyeo.ng/hkaad20250421,,,
Hong Kong Dog Rescue,Dog,M,Titus,https://siuyeo.ng/hkaad20250420,,,
SPCA,Rabbit,F,Toffee,https://siuyeo.ng/hkaad20250419,,,
Paws United Charity,Dog,F,Lettie,https://siuyeo.ng/hkaad20250418,,,
HKSCDA,Cat,F,木木株,https://siuyeo.ng/hkaad20250417,,,
SAA,Cat,F,阿里玉,https://siuyeo.ng/hkaad20250416,,,
HKAAC,Dog,M,Pan Pan,https://siuyeo.ng/hkaad20250415,,,
HKHERP,Snake,N/A,"AC05, AC06, AC07",https://siuyeo.ng/hkaad20250414,,,
Hong Kong Rabit Society,Rabbit,M,Bengie,https://siuyeo.ng/hkaad20250413,,,
Hong Kong Dog Rescue,Dog,F,Melba,https://siuyeo.ng/hkaad20250412,,,
SPCA,Rabbit,F,Rosalyn,https://siuyeo.ng/hkaad20250411,,,
Paws United Charity,Dog,F,Soya,https://siuyeo.ng/hkaad20250410,,,
HKSCDA,Cat,M,細DEE哥,https://siuyeo.ng/hkaad20250409,,,
SAA,Cat,M,Ali,https://siuyeo.ng/hkaad20250408,,,
HKAAC,Dog,M,威廉,https://siuyeo.ng/hkaad20250407,,,
HKHERP,Turtle,N/A,Odai,https://siuyeo.ng/hkaad20250406,,,
Hong Kong Rabit Society,Rabbit,M,Alston,https://siuyeo.ng/hkaad20250405,,,
Hong Kong Dog Rescue,Dog,F,Isobel,https://siuyeo.ng/hkaad20250404,,,
SPCA,Dog,F,Apple,https://siuyeo.ng/hkaad20250403,,,
Paws United Charity,Dog,F,Fancie,https://siuyeo.ng/hkaad20250402,,,
HKSCDA,Cat,F,壆滋滋,https://siuyeo.ng/hkaad20250401,,,
SAA,Cat,M,蛋黃,https://siuyeo.ng/hkaad20250331,,,
HKAAC,Dog,F,Mary,https://siuyeo.ng/hkaad20250330,,,
HKHERP,Snake,N/A,阿橙,https://siuyeo.ng/hkaad20250329,,,
Hong Kong Rabit Society,Rabbit,M,Chess,https://siuyeo.ng/hkaad20250328,,,
Hong Kong Dog Rescue,Dog,M,Teddy,https://siuyeo.ng/hkaad20250327,,,
SPCA,Dog,F,Miyuki,https://siuyeo.ng/hkaad20250326,,,
Paws United Charity,Dog,F,Wooly,https://siuyeo.ng/hkaad20250325,,,
HKSCDA,Cat,F,木木森,https://siuyeo.ng/hkaad20250324,,,
SAA,Cat,F,玥兒,https://siuyeo.ng/hkaad20250323,,,
HKAAC,Cat,M,小寶,https://siuyeo.ng/hkaad20250322,,,
HKHERP,Snake,N/A,Higos,https://siuyeo.ng/hkaad20250321,,,
Hong Kong Rabit Society,Rabbit,F,Piggie,https://siuyeo.ng/hkaad20250320,,,
Hong Kong Dog Rescue,Dog,M,Alex,https://siuyeo.ng/hkaad20250319,,,
SPCA,Rabbit,F,Zola,https://siuyeo.ng/hkaad20250318,,,
Paws United Charity,Cat,F,Fila,https://siuyeo.ng/hkaad20250317,,,
HKSCDA,Cat,M,狗仔,https://siuyeo.ng/hkaad20250316,,,
SAA,Cat,M,Mic Mic,https://siuyeo.ng/hkaad20250315,,,
HKAAC,Dog,M,Peter,https://siuyeo.ng/hkaad20250314,,,
HKHERP,Snake,N/A,"AC08, 阿橙",https://siuyeo.ng/hkaad20250313,,,
Hong Kong Rabit Society,Rabbit,M,Ozzy,https://siuyeo.ng/hkaad20250312,,,
Hong Kong Dog Rescue,Dog,F,Cressie,https://siuyeo.ng/hkaad20250311,,,
SPCA,Dog,F,小霞,https://siuyeo.ng/hkaad20250310,,,
Paws United Charity,Cat,M,Merla,https://siuyeo.ng/hkaad20250309,,,
HKSCDA,Cat,M,Falcon,https://siuyeo.ng/hkaad20250308,,,
SAA,Cat,F,Niu Niu,https://siuyeo.ng/hkaad20250307,,,
HKAAC,Dog,F,吱喳,https://siuyeo.ng/hkaad20250306,,,
HKHERP,Turtle,M,寶寶,https://siuyeo.ng/hkaad20250305,,,
Hong Kong Rabit Society,Rabbit,F,Muffin,https://siuyeo.ng/hkaad20250304,,,
Hong Kong Dog Rescue,Dog,M,Doddy,https://siuyeo.ng/hkaad20250303,,,
SPCA,Dog,M,Vingus,https://siuyeo.ng/hkaad20250302,,,
Paws United Charity,Dog,F,Finola,https://siuyeo.ng/hkaad20250301,,,
HKSCDA,Cat,M,心心,https://siuyeo.ng/hkaad20250228,,,
SAA,Cat,M,Bubble,https://siuyeo.ng/hkaad20250227,,,
HKAAC,Dog,M,熊貓,https://siuyeo.ng/hkaad20250226,,,
HKHERP,Turtle,N/A,紅豆,https://siuyeo.ng/hkaad20250225,,,
Hong Kong Rabit Society,Rabbit,F,Cheesy,https://siuyeo.ng/hkaad20250224,,,
Hong Kong Dog Rescue,Dog,M,Henry,https://siuyeo.ng/hkaad20250223,,,
SPCA,Cat,M,Theo,https://siuyeo.ng/hkaad20250222,,,
Paws United Charity,Dog,F,Rose,https://siuyeo.ng/hkaad20250221,,,
HKSCDA,Cat,F,豆豆,https://siuyeo.ng/hkaad20250220,,,
SAA,Cat,F,Bailey,https://siuyeo.ng/hkaad20250219,,,
HKAAC,Dog,F,莎莎,https://siuyeo.ng/hkaad20250218,,,
HKHERP,Snake,N/A,"AC05, AC06, AC07",https://siuyeo.ng/hkaad20250217,,,
Hong Kong Rabit Society,Rabbit,M,Olu,https://siuyeo.ng/hkaad20250216,,,
Hong Kong Dog Rescue,Dog,F,Ottilie,https://siuyeo.ng/hkaad20250215,,,
SPCA,Dog,M,Neo,https://siuyeo.ng/hkaad20250214,,,
Paws United Charity,Dog,F,Lettie,https://siuyeo.ng/hkaad20250213,,,
HKSCDA,Cat,F,哈哈哈,https://siuyeo.ng/hkaad20250212,,,
SAA,Cat,M,迎春,https://siuyeo.ng/hkaad20250211,,,
HKAAC,Cat,F,普洱,https://siuyeo.ng/hkaad20250210,,,
HKHERP,Turtle,N/A,Odai,https://siuyeo.ng/hkaad20250209,,,
Hong Kong Rabit Society,Rabbit,M,Kirby,https://siuyeo.ng/hkaad20250208,,,
Hong Kong Dog Rescue,Dog,M,Dobby,https://siuyeo.ng/hkaad20250207,,,
SPCA,Cat,F,Arisa,https://siuyeo.ng/hkaad20250206,,,
Paws United Charity,Cat,F,Maisy,https://siuyeo.ng/hkaad20250205,,,
HKSCDA,Cat,M,田大少,https://siuyeo.ng/hkaad20250204,,,
SAA,Cat,M,綠茶,https://siuyeo.ng/hkaad20250203,,,
HKAAC,Cat,F,小梵,https://siuyeo.ng/hkaad20250202,,,
HKHERP,Snake,N/A,阿橙,https://siuyeo.ng/hkaad20250201,,,
Hong Kong Rabit Society,Rabbit,M,Darrien,https://siuyeo.ng/hkaad20250131,,,
Hong Kong Dog Rescue,Dog,F,Yasmin,https://siuyeo.ng/hkaad20250130,,,
SPCA,Cat,M,懵豬,https://siuyeo.ng/hkaad20250129,,,
Paws United Charity,Dog,M,Almond,https://siuyeo.ng/hkaad20250128,,,
HKSCDA,Cat,F,多壽,https://siuyeo.ng/hkaad20250127,,,
SAA,Cat,F,Fi Fi,https://siuyeo.ng/hkaad20250126,,,
HKAAC,Dog,F,心心,https://siuyeo.ng/hkaad20250125,,,
HKHERP,Snake,N/A,Higos,https://siuyeo.ng/hkaad20250124,,,
Hong Kong Rabit Society,Rabbit,F,Runa,https://siuyeo.ng/hkaad20250123,,,
Hong Kong Dog Rescue,Dog,M,Monty,https://siuyeo.ng/hkaad20250122,,,
SPCA,Dog,M,Pan Pan,https://siuyeo.ng/hkaad20250121,,,
Paws United Charity,Cat,M,Pitaya,https://siuyeo.ng/hkaad20250120,,,
HKSCDA,Cat,M,小刀,https://siuyeo.ng/hkaad20250119,,,
SAA,Cat,F,Marie,https://siuyeo.ng/hkaad20250118,,,
HKAAC,Cat,M,芝麻,https://siuyeo.ng/hkaad20250117,,,
HKHERP,Snake,N/A,"AC08, 阿橙",https://siuyeo.ng/hkaad20250116,,,
Hong Kong Rabit Society,Rabbit,F,Mooncake,https://siuyeo.ng/hkaad20250115,,,
Hong Kong Dog Rescue,Dog,M,Jax,https://siuyeo.ng/hkaad20250114,,,
SPCA,Cat,F,冧冧,https://siuyeo.ng/hkaad20250113,,,
Paws United Charity,Cat,M,Merla,https://siuyeo.ng/hkaad20250112,,,
HKSCDA,Cat,M,屏三少,https://siuyeo.ng/hkaad20250111,,,
SAA,Cat,M,Mago,https://siuyeo.ng/hkaad20250110,,,
HKAAC,Cat,F,莉莉,https://siuyeo.ng/hkaad20250109,,,
HKHERP,Lizard,N/A,"BB, Crystal",https://siuyeo.ng/hkaad20250108,,,
Hong Kong Rabit Society,Rabbit,M,Bubuji,https://siuyeo.ng/hkaad20250107,,,
Hong Kong Dog Rescue,Dog,M,Boatboy,https://siuyeo.ng/hkaad20250106,,,
SPCA,Dog,M,Tommy,https://siuyeo.ng/hkaad20250105,,,
Paws United Charity,Cat,F,Athena,https://siuyeo.ng/hkaad20250104,,,
HKSCDA,Cat,M,金沙,https://siuyeo.ng/hkaad20250103,,,
SAA,Cat,F,Kanes,https://siuyeo.ng/hkaad20250102,,,
HKAAC,Cat,F,迎楓,https://siuyeo.ng/hkaad20250101,,,
HKHERP,Turtle,M,寶寶,https://siuyeo.ng/hkaad20241231,,,
Hong Kong Rabit Society,Rabbit,M,Jones,https://siuyeo.ng/hkaad20241230,,,
Hong Kong Dog Rescue,Dog,M,Henry,https://siuyeo.ng/hkaad20241229,,,
SPCA,Cat,F,Pepper,https://siuyeo.ng/hkaad20241228,,,
Paws United Charity,Cat,F,Margie,https://siuyeo.ng/hkaad20241227,,,
HKSCDA,Cat,M,金粒,https://siuyeo.ng/hkaad20241226,,,
SAA,Cat,F,Saturday,https://siuyeo.ng/hkaad20241225,,,
HKAAC,Cat,M,大眼仔,https://siuyeo.ng/hkaad20241224,,,
HKHERP,Turtle,N/A,紅豆,https://siuyeo.ng/hkaad20241223,,,
Hong Kong Rabit Society,Rabbit,M,Judo,https://siuyeo.ng/hkaad20241222,,,
Hong Kong Dog Rescue,Dog,M,Martin,https://siuyeo.ng/hkaad20241221,,,
SPCA,Cat,F,Betty,https://siuyeo.ng/hkaad20241220,,,
Paws United Charity,Cat,M,Buffy,https://siuyeo.ng/hkaad20241219,,,
HKSCDA,Cat,M,Harrow,https://siuyeo.ng/hkaad20241218,,,
SAA,Cat,F,Wednesday,https://siuyeo.ng/hkaad20241217,,,
HKAAC,Dog,M,聰明仔,https://siuyeo.ng/hkaad20241216,,,
HKHERP,Snake,N/A,"AC05, AC06, AC07",https://siuyeo.ng/hkaad20241215,,,
Hong Kong Rabit Society,Rabbit,M,Panini,https://siuyeo.ng/hkaad20241214,,,
Hong Kong Dog Rescue,Dog,F,Damson,https://siuyeo.ng/hkaad20241213,,,
SPCA,Cat,F,River,https://siuyeo.ng/hkaad20241212,,,
Paws United Charity,Cat,M,Boyle,https://siuyeo.ng/hkaad20241211,,,
HKSCDA,Cat,M,加洲仔,https://siuyeo.ng/hkaad20241210,,,
SAA,Cat,F,Monday,https://s.siuyeo.ng/hkaad20241209,,,
HKAAC,Dog,F,娜娜,https://s.siuyeo.ng/hkaad20241208,,,
HKHERP,Turtle,N/A,Odai,https://s.siuyeo.ng/hkaad20241207,,,
Hong Kong Rabit Society,Rabbit,F,Lolita,https://s.siuyeo.ng/hkaad20241206,,,
Hong Kong Dog Rescue,Dog,F,Avery,https://s.siuyeo.ng/hkaad20241205,,,
SPCA,Cat,F,Pamela,https://s.siuyeo.ng/hkaad20241204,,,
Paws United Charity,Dog,M,Current,https://s.siuyeo.ng/hkaad20241203,,,
HKSCDA,Cat,F,燒粟米,https://s.siuyeo.ng/hkaad20241202,,,
SAA,Cat,F,Sugar,https://s.siuyeo.ng/hkaad20241201,,,
HKAAC,Dog,M,小美,https://s.siuyeo.ng/hkaad20241130,,,
HKHERP,Snake,N/A,阿橙,https://s.siuyeo.ng/hkaad20241129,,,
Hong Kong Rabit Society,Rabbit,F,Rapunzel,https://s.siuyeo.ng/hkaad20241128,,,
Hong Kong Dog Rescue,Dog,F,Pippi,https://s.siuyeo.ng/hkaad20241127,,,
SPCA,Cat,M,Wasabi,https://s.siuyeo.ng/hkaad20241126,,,
Paws United Charity,Cat,F,Diaz,https://s.siuyeo.ng/hkaad20241125,,,
HKSCDA,Cat,F,盈盈,https://s.siuyeo.ng/hkaad20241124,,,
SAA,Cat,F,Doddie,https://s.siuyeo.ng/hkaad20241123,,,
HKAAC,Cat,M,才子,https://s.siuyeo.ng/hkaad20241122,,,
HKHERP,Snake,N/A,Higos,https://s.siuyeo.ng/hkaad20241121,,,
Hong Kong Rabit Society,Rabbit,M,Lego,https://s.siuyeo.ng/hkaad20241120,,,
Hong Kong Dog Rescue,Dog,M,Kimchi,https://s.siuyeo.ng/hkaad20241119,,,
SPCA,Cat,F,Cindy,https://s.siuyeo.ng/hkaad20241118,,,
Paws United Charity,Dog,F,Soya,https://s.siuyeo.ng/hkaad20241117,,,
HKSCDA,Cat,F,粟米片,https://s.siuyeo.ng/hkaad20241116,,,
SAA,Cat,F,Cody,https://s.siuyeo.ng/hkaad20241115,,,
HKAAC,Dog,F,Jennifer,https://s.siuyeo.ng/hkaad20241114,,,
HKHERP,Snake,N/A,"AC08, 阿橙",https://s.siuyeo.ng/hkaad20241113,,,
Hong Kong Rabit Society,Rabbit,M,Dango,https://s.siuyeo.ng/hkaad20241112,,,
Hong Kong Dog Rescue,Dog,F,Brandy,https://s.siuyeo.ng/hkaad20241111,,,
SPCA,Cat,M,Muffin,https://s.siuyeo.ng/hkaad20241110,,,
Paws United Charity,Dog,M,Camie,https://s.siuyeo.ng/hkaad20241109,,,
HKSCDA,Cat,M,淺淺,https://s.siuyeo.ng/hkaad20241108,,,
SAA,Cat,F,Wasabi,https://s.siuyeo.ng/hkaad20241107,,,
HKAAC,Cat,M,皇子,https://s.siuyeo.ng/hkaad20241106,,,
HKHERP,Lizard,N/A,"BB, Crystal",https://s.siuyeo.ng/hkaad20241105,,,
Hong Kong Rabit Society,Rabbit,F,Malee,https://s.siuyeo.ng/hkaad20241104,,,
Hong Kong Dog Rescue,Dog,M,Bumpy,https://s.siuyeo.ng/hkaad20241103,,,
SPCA,Dog,F,美芝,https://s.siuyeo.ng/hkaad20241102,,,
Paws United Charity,Dog,F,Heather,https://s.siuyeo.ng/hkaad20241101,,,
HKSCDA,Cat,F,LIM PRADA,https://s.siuyeo.ng/hkaad20241031,,,
SAA,Cat,F,悠悠,https://s.siuyeo.ng/hkaad20241030,,,
HKAAC,Dog,M,小冬瓜,https://s.siuyeo.ng/hkaad20241029,,,
HKHERP,Turtle,M,寶寶,https://s.siuyeo.ng/hkaad20241028,,,
Hong Kong Rabit Society,Rabbit,F,Pixel,https://s.siuyeo.ng/hkaad20241027,,,
Hong Kong Dog Rescue,Dog,F,Anna,https://s.siuyeo.ng/hkaad20241026,,,
SPCA,Cat,M,Ramsey,https://s.siuyeo.ng/hkaad20241025,,,
Paws United Charity,Dog,F,Scarlett,https://s.siuyeo.ng/hkaad20241024,,,
HKSCDA,Cat,M,陽八萬,https://s.siuyeo.ng/hkaad20241023,,,
SAA,Cat,F,Yan Yan,https://s.siuyeo.ng/hkaad20241022,,,
HKAAC,Cat,F,嘉嘉,https://s.siuyeo.ng/hkaad20241021,,,
HKHERP,Turtle,N/A,紅豆,https://s.siuyeo.ng/hkaad20241020,,,
Hong Kong Rabit Society,Rabbit,M,Flop,https://s.siuyeo.ng/hkaad20241019,,,
Hong Kong Dog Rescue,Dog,F,Bambi,https://s.siuyeo.ng/hkaad20241018,,,
SPCA,Cat,F,Sonia,https://s.siuyeo.ng/hkaad20241017,,,
Paws United Charity,Dog,M,Berry,https://s.siuyeo.ng/hkaad20241016,,,
HKSCDA,Cat,M,金豹仔,https://s.siuyeo.ng/hkaad20241015,,,
SAA,Cat,F,Mei Mei,https://s.siuyeo.ng/hkaad20241014,,,
HKAAC,Cat,F,花花,https://s.siuyeo.ng/hkaad20241013,,,
HKHERP,Snake,N/A,"AC05, AC06, AC07",https://s.siuyeo.ng/hkaad20241012,,,
Hong Kong Rabit Society,Rabbit,M,Flip,https://s.siuyeo.ng/hkaad20241011,,,
Hong Kong Dog Rescue,Dog,F,Damson,https://s.siuyeo.ng/hkaad20241010,,,
SPCA,Dog,M,Chu Chu,https://s.siuyeo.ng/hkaad20241009,,,
Paws United Charity,Dog,M,Baxter,https://s.siuyeo.ng/hkaad20241008,,,
HKSCDA,Cat,M,鯊魚,https://s.siuyeo.ng/hkaad20241007,,,
SAA,Cat,M,O仔,https://s.siuyeo.ng/hkaad20241006,,,
HKAAC,Dog,F,Athena,https://s.siuyeo.ng/hkaad20241005,,,
HKHERP,Turtle,M,Odai,https://s.siuyeo.ng/hkaad20241004,,,
Hong Kong Rabit Society,Rabbit,F,Twelve,https://s.siuyeo.ng/hkaad20241003,,,
Hong Kong Dog Rescue,Dog,M,Gerald,https://s.siuyeo.ng/hkaad20241002,,,
SPCA,鼠,M,多多,https://s.siuyeo.ng/hkaad20241001,,,
Paws United Charity,Cat,F,Caroline,https://s.siuyeo.ng/hkaad20240930,,,
HKSCDA,Cat,F,周豆花,https://s.siuyeo.ng/hkaad20240929,,,
SAA,Cat,F,Z,https://s.siuyeo.ng/hkaad20240928,,,
HKAAC,Dog,M,金田,https://s.siuyeo.ng/hkaad20240927,,,
HKHERP,Snake,N/A,阿橙,https://s.siuyeo.ng/hkaad20240926,,,
Hong Kong Rabit Society,Rabbit,F,Door,https://s.siuyeo.ng/hkaad20240925,,,
Hong Kong Dog Rescue,Dog,F,Solo,https://s.siuyeo.ng/hkaad20240924,,,
SPCA,Dog,F,Elise,https://s.siuyeo.ng/hkaad20240923,,,
Paws United Charity,Dog,F,Maeve,https://s.siuyeo.ng/hkaad20240922,,,
HKSCDA,Cat,M,Colgate,https://s.siuyeo.ng/hkaad20240921,,,
SAA,Cat,M,Tab,https://s.siuyeo.ng/hkaad20240920,,,
HKAAC,Dog,F,Nana,https://s.siuyeo.ng/hkaad20240919,,,
HKHERP,Snake,N/A,Higos,https://s.siuyeo.ng/hkaad20240918,,,
Hong Kong Rabit Society,Rabbit,F,Nora,https://s.siuyeo.ng/hkaad20240917,,,
Hong Kong Dog Rescue,Dog,F,Coffee,https://s.siuyeo.ng/hkaad20240916,,,
SPCA,Dog,F,Annie,https://s.siuyeo.ng/hkaad20240915,,,
Paws United Charity,Dog,M,Berry,https://s.siuyeo.ng/hkaad20240914,,,
HKSCDA,Cat,M,豹豹,https://s.siuyeo.ng/hkaad20240913,,,
SAA,Cat,M,Gin,https://s.siuyeo.ng/hkaad20240912,,,
HKAAC,Cat,F,白糖糕,https://s.siuyeo.ng/hkaad20240911,,,
HKHERP,Turtle,M,Odai,https://s.siuyeo.ng/hkaad20240910,,,
Hong Kong Rabit Society,Rabbit,F,Hola,https://s.siuyeo.ng/hkaad20240909,,,
Hong Kong Dog Rescue,Dog,M,Albert,https://s.siuyeo.ng/hkaad20240908,,,
SPCA,Cat,M,Teddy,https://s.siuyeo.ng/hkaad20240907,,,
Paws United Charity,Dog,M,Mylo,https://s.siuyeo.ng/hkaad20240906,,,
HKSCDA,Cat,F,梅桃,https://s.siuyeo.ng/hkaad20240905,,,
SAA,Cat,F,Lo Lo,https://s.siuyeo.ng/hkaad20240904,,,
HKAAC,Cat,F,紀子,https://s.siuyeo.ng/hkaad20240903,,,
HKHERP,Snake,N/A,阿橙,https://s.siuyeo.ng/hkaad20240902,,,
Hong Kong Rabit Society,Rabbit,F,Ballu,https://s.siuyeo.ng/hkaad20240901,,,
Hong Kong Dog Rescue,Dog,M,Rumble,https://s.siuyeo.ng/hkaad20240831,,,
SPCA,Rabbit,F,Suet Suet,https://s.siuyeo.ng/hkaad20240830,,,
Paws United Charity,Cat,F,Itala,https://s.siuyeo.ng/hkaad20240829,,,
HKSCDA,Cat,M,車豆豆,https://s.siuyeo.ng/hkaad20240828,,,
SAA,Cat,F,Palm,https://s.siuyeo.ng/hkaad20240827,,,
HKAAC,Dog,F,法寶,https://s.siuyeo.ng/hkaad20240826,,,
HKHERP,Turtle,N/A,小粉,https://s.siuyeo.ng/hkaad20240825,,,
Hong Kong Rabit Society,Rabbit,F,Belle,https://s.siuyeo.ng/hkaad20240824,,,
Hong Kong Dog Rescue,Dog,M,Blake,https://s.siuyeo.ng/hkaad20240823,,,
SPCA,Rabbit,F,Jive,https://s.siuyeo.ng/hkaad20240822,,,
Paws United Charity,Cat,F,Caroline,https://s.siuyeo.ng/hkaad20240821,,,
HKSCDA,Cat,M,虎虎,https://s.siuyeo.ng/hkaad20240820,,,
SAA,Cat,F,Dit Dit,https://s.siuyeo.ng/hkaad20240819,,,
HKAAC,Dog,M,Bear Bear,https://s.siuyeo.ng/hkaad20240818,,,
HKHERP,Snake,N/A,Higos,https://s.siuyeo.ng/hkaad20240817,,,
Hong Kong Rabit Society,Rabbit,F,Caddy,https://s.siuyeo.ng/hkaad20240816,,,
Hong Kong Dog Rescue,Dog,F,Brandy,https://s.siuyeo.ng/hkaad20240815,,,
SPCA,Dog,M,Pei Pei,https://s.siuyeo.ng/hkaad20240814,,,
Paws United Charity,Dog,F,Marie,https://s.siuyeo.ng/hkaad20240813,,,
HKSCDA,Cat,M,高葦葦,https://s.siuyeo.ng/hkaad20240812,,,
SAA,Cat,M,DuDu,https://s.siuyeo.ng/hkaad20240811,,,
HKAAC,Dog,F,Bonnie,https://s.siuyeo.ng/hkaad20240810,,,
HKHERP,Turtle,N/A,金金,https://s.siuyeo.ng/hkaad20240809,,,
Hong Kong Rabit Society,Rabbit,M,Paru,https://s.siuyeo.ng/hkaad20240808,,,
Hong Kong Dog Rescue,Dog,F,Blanche,https://s.siuyeo.ng/hkaad20240807,,,
SPCA,Turtle,N/A,Dollar,https://s.siuyeo.ng/hkaad20240806,,,
Paws United Charity,Dog,F,Lady,https://s.siuyeo.ng/hkaad20240805,,,
HKSCDA,Cat,F,公冰冰,https://s.siuyeo.ng/hkaad20240804,,,
SAA,Cat,F,嘉嘉,https://s.siuyeo.ng/hkaad20240803,,,
HKAAC,Cat,F,巴巴拉,https://s.siuyeo.ng/hkaad20240802,,,
HKHERP,Turtle,N/A,KK,https://s.siuyeo.ng/hkaad20240801,,,
Hong Kong Rabit Society,Rabbit,M,Buzz,https://s.siuyeo.ng/hkaad20240731,,,
Hong Kong Dog Rescue,Dog,F,Janet,https://s.siuyeo.ng/hkaad20240730,,,
SPCA,Dog,M,Apollo,https://s.siuyeo.ng/hkaad20240729,,,
Paws United Charity,Dog,M,Odie,https://s.siuyeo.ng/hkaad20240728,,,
HKSCDA,Cat,M,鼓小虎,https://s.siuyeo.ng/hkaad20240727,,,
SAA,Cat,M,松松,https://s.siuyeo.ng/hkaad20240726,,,
HKAAC,Dog,M,摩B,https://s.siuyeo.ng/hkaad20240725,,,
HKHERP,Snake,N/A,阿橙,https://s.siuyeo.ng/hkaad20240724,,,
Hong Kong Rabit Society,Rabbit,F,Ribbon,https://s.siuyeo.ng/hkaad20240723,,,
Hong Kong Dog Rescue,Dog,F,Phaedra,https://s.siuyeo.ng/hkaad20240722,,,
SPCA,Dog,F,Sum Wat,https://s.siuyeo.ng/hkaad20240721,,,
Paws United Charity,Dog,M,Baxter,https://s.siuyeo.ng/hkaad20240720,,,
HKSCDA,Cat,F,稔灣灣,https://s.siuyeo.ng/hkaad20240719,,,
SAA,Cat,F,露露,https://s.siuyeo.ng/hkaad20240718,,,
HKAAC,Cat,M,大寶,https://s.siuyeo.ng/hkaad20240717,,,
HKHERP,Turtle,N/A,小粉,https://s.siuyeo.ng/hkaad20240716,,,
Hong Kong Rabit Society,Rabbit,M,Coconut,https://s.siuyeo.ng/hkaad20240715,,,
Hong Kong Dog Rescue,Dog,M,Stone,https://s.siuyeo.ng/hkaad20240714,,,
SPCA,Dog,M,Bob,https://s.siuyeo.ng/hkaad20240713,,,
Paws United Charity,Dog,M,Orkney,https://s.siuyeo.ng/hkaad20240712,,,
HKSCDA,Cat,M,古太陽,https://s.siuyeo.ng/hkaad20240711,,,
SAA,Cat,F,Puffie,https://s.siuyeo.ng/hkaad20240710,,,
HKAAC,Cat,M,小寶,https://s.siuyeo.ng/hkaad20240709,,,
HKHERP,Snake,N/A,Creamy,https://s.siuyeo.ng/hkaad20240708,,,
Hong Kong Rabit Society,Rabbit,F,Ani,https://s.siuyeo.ng/hkaad20240707,,,
Hong Kong Dog Rescue,Dog,F,Sybil,https://s.siuyeo.ng/hkaad20240706,,,
SPCA,Rabbit,F,Dau Fa,https://s.siuyeo.ng/hkaad20240705,,,
Paws United Charity,Dog,F,Abigail,https://s.siuyeo.ng/hkaad20240704,,,
HKSCDA,Cat,F,油漆桶,https://s.siuyeo.ng/hkaad20240703,,,
SAA,Cat,M,Bill Bill,https://s.siuyeo.ng/hkaad20240702,,,
HKAAC,Dog,M,Daniel,https://s.siuyeo.ng/hkaad20240701,,,
HKHERP,Snake,N/A,Higos,https://s.siuyeo.ng/hkaad20240630,,,
Hong Kong Rabit Society,Rabbit,M,Buckle,https://s.siuyeo.ng/hkaad20240629,,,
Hong Kong Dog Rescue,Dog,F,Aria,https://s.siuyeo.ng/hkaad20240628,,,
SPCA,Dog,M,Max,https://s.siuyeo.ng/hkaad20240627,,,
Paws United Charity,Cat,M,Zander,https://t.ly/c0gt0,,,
HKSCDA,Cat,F,釘書機,https://t.ly/97RfB,,,
SAA,Cat,F,Luna,https://t.ly/Li25D,,,
HKAAC,Dog,M,QQ仔,https://t.ly/r4oru,,,
HKHERP,Turtle,N/A,金金,https://t.ly/u61lK,,,
Hong Kong Rabit Society,Rabbit,M,Shelby,https://t.ly/XIN6S,,,
Hong Kong Dog Rescue,Dog,F,Camilla,https://t.ly/wPa0L,,,
SPCA,Dog,M,Zoe,https://t.ly/Hu3J8,,,
Paws United Charity,Dog,M,Baxter,https://t.ly/J4Ge6,,,
HKSCDA,Cat,F,塗改液,https://t.ly/W_qfp,,,
SAA,Cat,M,Sol,https://t.ly/CZlk5,,,
HKAAC,Dog,M,賀子,https://t.ly/WVr8Z,,,
HKHERP,Turtle,M,乖乖,https://t.ly/HhwJC,,,
Hong Kong Rabit Society,Rabbit,M,Dottie,https://t.ly/kdJXY,,,
Hong Kong Dog Rescue,Dog,M,Taki,https://t.ly/wtbLF,,,
SPCA,Dog,F,Venus,https://t.ly/VfAJa,,,
Paws United Charity,Dog,F,Carley,https://t.ly/RGIOT,,,
HKSCDA,Cat,M,Miru,https://t.ly/V9JVw,,,
SAA,Cat,M,水水,https://t.ly/K34jn,,,
HKAAC,Dog,M,龍仔,https://t.ly/b9-Fg,,,
HKHERP,Turtle,N/A,小粉,https://t.ly/W3mev,,,
Hong Kong Rabit Society,Rabbit,F,Zumi,https://t.ly/UBR9k,,,
Hong Kong Dog Rescue,Dog,F,River,https://t.ly/tKlRZ,,,
SPCA,Dog,M,Dori,https://t.ly/Tl9Vn,,,
Paws United Charity,Dog,M,Odie,https://t.ly/QcjUA,,,
HKSCDA,Cat,F,Kitty,https://t.ly/HlSXm,,,
SAA,Cat,F,Stella,https://t.ly/7_aEv,,,
HKAAC,Dog,M,Matthew,https://t.ly/xoV1z,,,
HKHERP,Turtle,N/A,元貝,https://t.ly/rydwu,,,
Hong Kong Rabit Society,Rabbit,F,Tico,https://t.ly/hgcl-,,,
Hong Kong Dog Rescue,Dog,F,Sheryl,https://t.ly/T6KXq,,,
SPCA,Cat,M,Monkey,https://t.ly/e1emm,,,
Paws United Charity,Dog,M,Orkney,https://t.ly/Mlb2L,,,
HKSCDA,Cat,F,村村,https://t.ly/zNPTS,,,
SAA,Cat,F,小花,https://t.ly/GCIyn,,,
HKAAC,Cat,N/A,尼古拉,https://t.ly/FuwS2,,,
HKHERP,Turtle,N/A,金金,https://t.ly/kdsvO,,,
Hong Kong Rabit Society,Rabbit,M,Roo,https://t.ly/TuZ8_,,,
Hong Kong Dog Rescue,Dog,M,Riku,https://t.ly/FXBX3,,,
SPCA,Dog,F,Dumpling,https://t.ly/BL_Pl,,,
Paws United Charity,Dog,F,Abigail,https://t.ly/c6YCa,,,
HKSCDA,Cat,F,東東,https://t.ly/9z4eX,,,
SAA,Cat,M,Panther,https://t.ly/Dqa4C,,,
HKAAC,Cat,F,依芙連,https://t.ly/8aRV9,,,
HKHERP,Snake,N/A,Bronwie,https://t.ly/37qUo,,,
Hong Kong Rabit Society,Rabbit,F,Churros,https://t.ly/_0Rmh,,,
Hong Kong Dog Rescue,Dog,F,Fancy,https://t.ly/2bSOL,,,
SPCA,Dog,M,Joe,https://t.ly/hRQ1R,,,
Paws United Charity,Dog,M,Odie,https://t.ly/FbpeY,,,
HKSCDA,Cat,F,河咚咚,https://t.ly/i7vjL,,,
SAA,Cat,M,Uncle,https://t.ly/Oon1K,,,
HKAAC,Dog,F,Juliana,https://t.ly/chx-Z,,,
HKHERP,Snake,N/A,Creamy,https://t.ly/IQc8D,,,
Hong Kong Rabit Society,Rabbit,M,Inky,https://t.ly/raXYJ,,,
Hong Kong Dog Rescue,Dog,F,Lilac,https://t.ly/wBDM5,,,
SPCA,Dog,M,Circle,https://t.ly/z6kji,,,
Paws United Charity,Dog,F,Kelly,https://t.ly/RQ5m1,,,
HKSCDA,Cat,F,唐喵喵,https://t.ly/ICvl8,,,
SAA,Cat,M,安安,https://t.ly/W3kDj,,,
HKAAC,Dog,M,肥豬Lucky,https://t.ly/1zaFw,,,
HKHERP,Snake,N/A,Higos,https://t.ly/RWaVz,,,
Hong Kong Rabit Society,Rabbit,F,Mela,https://t.ly/Wp_-o,,,
Hong Kong Dog Rescue,Dog,M,Brady,https://t.ly/pJyFe,,,
SPCA,Turtle,N/A,Haro,https://t.ly/E88JN,,,
Paws United Charity,Dog,M,Smith,https://t.ly/ItpOK,,,
HKSCDA,Cat,F,牛奶妹,https://t.ly/ifFCj,,,
SAA,Cat,M,Cooper,https://t.ly/NLtN_,,,
HKAAC,Dog,F,Cindy,https://t.ly/sx4JX,,,
HKHERP,Snake,N/A,彈彈ball,https://t.ly/ZBIGk,,,
Hong Kong Rabit Society,Rabbit,F,Murray,https://t.ly/3jvDV,,,
Hong Kong Dog Rescue,Dog,F,Muffin,https://t.ly/xSFK0,,,
SPCA,Dog,M,Fun,https://t.ly/qcLpM,,,
Paws United Charity,Dog,M,Naan,https://t.ly/Wh96o,,,
HKSCDA,Cat,F,古阿瓦,https://t.ly/5e5Rl,,,
SAA,Cat,F,La La,https://t.ly/yXhSl,,,
HKAAC,Cat,F,靚靚,https://t.ly/bKUkc,,,
HKHERP,Turtle,N/A,金金,https://t.ly/Gt5b_,,,
Hong Kong Rabit Society,Rabbit,F,Ziti,https://t.ly/fTMbg,,,
Hong Kong Dog Rescue,Dog,F,Kayla,https://t.ly/pq-47,,,
SPCA,Dog,F,蓮子,https://t.ly/HW4U3,,,
Paws United Charity,Cat,M,Kei,https://t.ly/vq_AC,,,
HKSCDA,Cat,M,阿中,https://t.ly/XGea5,,,
SAA,Cat,F,妮妮,https://t.ly/qot8u,,,
HKAAC,Dog,F,莉莉,https://t.ly/VBBii,,,
HKHERP,Turtle,N/A,Y6,https://t.ly/HySyX,,,
Hong Kong Rabit Society,Rabbit,F,Charlotte,https://t.ly/jW19h,,,
Hong Kong Dog Rescue,Dog,M,Casper,https://t.ly/k-vha,,,
SPCA,Cat,M,Kent,https://t.ly/ompR9,,,
Paws United Charity,Dog,F,Tamara,https://t.ly/-oYKU,,,
HKSCDA,Cat,F,雙Q,https://t.ly/Ugjsp,,,
SAA,Cat,F,多多,https://t.ly/ur-1g,,,
HKAAC,Dog,M,拉Bb,https://t.ly/2yWc5,,,
HKHERP,Turtle,N/A,泥泥,https://t.ly/VoNRz,,,
Hong Kong Rabit Society,Rabbit,F,Ichi,https://t.ly/6mvej,,,
Hong Kong Dog Rescue,Dog,M,Gordon,https://t.ly/gh_ev,,,
SPCA,Dog,F,梳打,https://t.ly/XQoM7,,,
Paws United Charity,Cat,F,Celery,https://t.ly/PKxhY,,,
HKSCDA,Cat,M,Doobie,https://t.ly/3L_O4,,,
SAA,Cat,F,阿V,https://t.ly/anncy,,,
HKAAC,Cat,M,一龍,https://t.ly/lfS0M,,,
HKHERP,Snake,N/A,Bronwie,https://t.ly/x3366,,,
Hong Kong Rabit Society,Rabbit,F,Lotte,https://t.ly/JwRVe,,,
Hong Kong Dog Rescue,Dog,F,Patsy,https://t.ly/8yXHx,,,
SPCA,Dog,F,Esme,https://t.ly/0m7qS,,,
Paws United Charity,Dog,M,Brownie,https://t.ly/__KPc,,,
HKSCDA,Cat,F,AR MO,https://t.ly/vYIMq,,,
SAA,Cat,F,阿里里,https://t.ly/KCHiV,,,
HKAAC,Dog,F,菲菲,https://t.ly/CD4Cq,,,
HKHERP,Snake,N/A,Creamy,https://t.ly/6xrbZ,,,
Hong Kong Rabit Society,Rabbit,F,Haku,https://t.ly/tygyZ,,,
Hong Kong Dog Rescue,Dog,F,Annie,https://t.ly/QoYmf,,,
SPCA,Dog,M,小格,https://t.ly/JW1Sw,,,
Paws United Charity,Dog,F,Lucy,https://t.ly/uEMZI,,,
HKSCDA,Cat,F,柑柑,https://t.ly/KPobY,,,
SAA,Cat,F,阿里玉,https://t.ly/Gcd5F,,,
HKAAC,Dog,M,藍保,https://t.ly/CTIp-,,,
HKHERP,Snake,N/A,Higos,https://t.ly/Oq1vz,,,
Hong Kong Rabit Society,Rabbit,F,Mujo,https://t.ly/zPMjH,,,
Hong Kong Dog Rescue,Dog,M,Timba,https://t.ly/D0Wmv,,,
SPCA,Dog,M,Duncan,https://t.ly/ht_x6,,,
Paws United Charity,Cat,F,Twinkle,https://t.ly/V8Owd,,,
HKSCDA,Cat,M,高富富,https://t.ly/aDgMh,,,
SAA,Cat,F,吉吉,https://t.ly/U38Zp,,,
HKAAC,Cat,M,Sam,https://t.ly/xifCH,,,
HKHERP,Snake,N/A,彈彈ball,https://t.ly/XaC_2,,,
Hong Kong Rabit Society,Rabbit,M,Chubby,https://t.ly/OpZAr,,,
Hong Kong Dog Rescue,Dog,M,Tommy,https://t.ly/yQPhB,,,
SPCA,Dog,M,Lyon,https://t.ly/mXFls,,,
Paws United Charity,Cat,M,Haven,https://t.ly/MKDZ4,,,
HKSCDA,Cat,F,草草,https://t.ly/jWxnr,,,
SAA,Cat,M,Ali,https://t.ly/hb8nD,,,
HKAAC,Dog,M,哥頓,https://t.ly/hIHEc,,,
HKHERP,Turtle,N/A,金金,https://t.ly/h89TL,,,
Hong Kong Rabit Society,Rabbit,F,Miso,https://t.ly/G02PC,,,
Hong Kong Dog Rescue,Dog,F,Jill,https://t.ly/-e7Ak,,,
SPCA,Dog,M,Mika,https://t.ly/c7-SF,,,
Paws United Charity,Dog,M,Rye,https://t.ly/Ckqk3,,,
HKSCDA,Cat,F,唐麗麗,https://t.ly/XGvGE,,,
SAA,Cat,M,蛋黃,https://t.ly/TrdIa,,,
HKAAC,Dog,M,雞旦仔,https://t.ly/kkLHT,,,
HKHERP,Turtle,N/A,Y6,https://t.ly/hUHiF,,,
Hong Kong Rabit Society,Rabbit,F,Anya,https://t.ly/r_8Gd,,,
Hong Kong Dog Rescue,Dog,M,Oakley,https://t.ly/KXUdU,,,
SPCA,Rabbit,M,Xavier,https://t.ly/kdGEw,,,
Paws United Charity,Cat,M,Gail,https://t.ly/HgDew,,,
HKSCDA,Cat,M,金嗓子,https://t.ly/iNdB-,,,
SAA,Cat,F,玥兒,https://t.ly/2KC5a,,,
HKAAC,Dog,M,麥哥利,https://t.ly/AV39Y,,,
HKHERP,Turtle,N/A,泥泥,https://t.ly/ihVAh,,,
Hong Kong Rabit Society,Rabbit,M,Bori,https://t.ly/fqUAT,,,
Hong Kong Dog Rescue,Dog,F,Toppie,https://t.ly/wMYLw,,,
SPCA,Dog,F,烏嘴,https://t.ly/DOrX3,,,
Paws United Charity,Cat,M,Fribourg,https://t.ly/DStgK,,,
HKSCDA,Cat,M,雷慒,https://t.ly/8DEaS,,,
SAA,Cat,M,Mic Mic,https://t.ly/XUdIp,,,
HKAAC,Cat,F,Meyer,https://t.ly/Bi04f,,,
HKHERP,Snake,N/A,Bronwie,https://t.ly/EwzkO,,,
Hong Kong Rabit Society,Rabbit,F,Dolu,https://t.ly/qxmG3,,,
Hong Kong Dog Rescue,Dog,M,Spotty,https://t.ly/Q-HV5,,,
SPCA,Dog,M,Rocky,https://t.ly/jQkt2,,,
Paws United Charity,Dog,M,Mattius,https://t.ly/6wrMD,,,
HKSCDA,Cat,M,雷弟,https://t.ly/Wh1iF,,,
SAA,Cat,F,Niu Niu,https://t.ly/5uY_9,,,
HKAAC,Cat,M,Gilbert,https://t.ly/z-DVW,,,
HKHERP,Snake,N/A,Creamy,https://t.ly/t9XBI,,,
Hong Kong Rabit Society,Rabbit,F,Pino,https://t.ly/w4Sp8,,,
Hong Kong Dog Rescue,Dog,F,Scrunch,https://t.ly/80cqu,,,
SPCA,Rabbit,M,Nathan,https://t.ly/PlX9t,,,
Paws United Charity,Dog,F,Minty,https://t.ly/QeTG9,,,
HKSCDA,Cat,F,唐雪雪,https://t.ly/IuEWs,,,
SAA,Cat,M,Bubble,https://t.ly/t9Vza,,,
HKAAC,Cat,M,Sammi,https://t.ly/v8qmg,,,
HKHERP,Snake,N/A,Higos,https://t.ly/QUfX5,,,
Hong Kong Rabit Society,Rabbit,F,Vico,https://t.ly/iQgpj,,,
Hong Kong Dog Rescue,Dog,F,Adelaide,https://t.ly/BVGqT,,,
SPCA,Dog,M,雷神,https://t.ly/lzjmM,,,
Paws United Charity,Dog,F,Sade,https://t.ly/rLbJE,,,
HKSCDA,Cat,F,秋天,https://t.ly/EvTsZ,,,
SAA,Cat,F,Bailey,https://t.ly/sjQtM,,,
HKAAC,Dog,F,Goldie,https://t.ly/0S2_Q,,,
HKHERP,Snake,N/A,彈彈ball,https://t.ly/Rnlg8,,,
Hong Kong Rabit Society,Rabbit,F,Mofu,https://t.ly/EtAuY,,,
Hong Kong Dog Rescue,Dog,F,Congee,https://t.ly/KVu-d,,,
SPCA,Dog,M,Bailey,https://t.ly/3v-_s,,,
Paws United Charity,Dog,F,Chilaca,https://t.ly/h9nbC,,,
HKSCDA,Cat,M,古迪迪,https://t.ly/St5XH,,,
SAA,Cat,M,迎春,https://t.ly/ClLDA,,,
HKAAC,Cat,F,藍藍,https://t.ly/g0MIm,,,
HKHERP,Turtle,N/A,金金,https://t.ly/9grNu,,,
Hong Kong Rabit Society,Rabbit,F,Mopsy,https://t.ly/_wS-U,,,
Hong Kong Dog Rescue,Dog,M,Bond,https://t.ly/OWUyz,,,
SPCA,Dog,M,Hunter,https://t.ly/vSTVr,,,
Paws United Charity,Cat,F,Zora,https://t.ly/Xkr66,,,
HKSCDA,Cat,F,溏心蛋,https://t.ly/--V_q,,,
SAA,Cat,M,綠茶,https://t.ly/l27qG,,,
HKAAC,Dog,M,Dobie,https://t.ly/tzCqu,,,
HKHERP,Turtle,N/A,Y6,https://t.ly/sstsI,,,
Hong Kong Rabit Society,Rabbit,M,Pip,https://t.ly/ge3lD,,,
Hong Kong Dog Rescue,Dog,M,Sunshine,https://t.ly/Bu0v2,,,
SPCA,Rabbit,M,Vince,https://t.ly/zpFqu,,,
Paws United Charity,Dog,M,Riesling,https://t.ly/6FQmH,,,
HKSCDA,Cat,F,泡菜,https://t.ly/w6n0g,,,
SAA,Cat,F,Tiger,https://t.ly/b_Nqw,,,
HKAAC,Dog,M,Armani,https://t.ly/rfaz-,,,
HKHERP,Turtle,N/A,泥泥,https://t.ly/2cCSq,,,
Hong Kong Rabit Society,Rabbit,M,Reo,https://t.ly/L-daL,,,
Hong Kong Dog Rescue,Dog,M,Soxy,https://t.ly/qjrmE,,,
SPCA,Rabbit,M,Benjamin,https://t.ly/k2_29,,,
Paws United Charity,Cat,M,Sprout,https://t.ly/uRksJ,,,
HKSCDA,Cat,M,樹頭,https://t.ly/TU6JO,,,
SAA,Cat,F,Fi Fi,https://t.ly/dg0uN,,,
HKAAC,Cat,M,大少爺,https://t.ly/q2NdB,,,
HKHERP,Snake,N/A,Bronwie,https://t.ly/akYpE,,,
Hong Kong Rabit Society,Rabbit,F,Lana,https://t.ly/2y98l,,,
Hong Kong Dog Rescue,Dog,F,Orla,https://t.ly/uf_S3,,,
SPCA,Dog,F,麵麵,https://t.ly/C5Ug9,,,
Paws United Charity,Dog,M,Nobu,https://t.ly/_YwHW,,,
HKSCDA,Cat,F,Monica,https://t.ly/vR78m,,,
SAA,Cat,F,Marie,https://t.ly/_GOel,,,
HKAAC,Cat,F,貴妃,https://t.ly/R-nDT,,,
HKHERP,Snake,N/A,Creamy,https://t.ly/a0KWM,,,
Hong Kong Rabit Society,Rabbit,F,Bowie,https://t.ly/U_4lv,,,
Hong Kong Dog Rescue,Dog,M,Gideon,https://t.ly/ce1kH,,,
SPCA,Cat,F,June,https://t.ly/hUILJ,,,
Paws United Charity,Dog,M,Manna,https://t.ly/TY7Ql,,,
HKSCDA,Cat,F,白尾仔,https://t.ly/GkJV-,,,
SAA,Cat,M,Mago,https://t.ly/6WddK,,,
HKAAC,Cat,F,小忌廉,https://t.ly/nLj1E,,,
HKHERP,Snake,N/A,Higos,https://t.ly/tQcmm,,,
Hong Kong Rabit Society,Rabbit,F,Domy,https://t.ly/WdwA5,,,
Hong Kong Dog Rescue,Dog,F,Bambi,https://t.ly/8VjJn,,,
SPCA,Dog,F,細B,https://t.ly/lUW4o,,,
Paws United Charity,Dog,M,Manna,https://t.ly/5Re0S,,,
HKSCDA,Cat,F,花公主,https://t.ly/LYahF,,,
SAA,Cat,F,Kanes,https://t.ly/09Z9J,,,
HKAAC,Cat,M,吉吉,https://t.ly/6ZToK,,,
HKHERP,Turtle,N/A,Y6,https://t.ly/R41MV,,,
Hong Kong Rabit Society,Rabbit,F,Hammy,https://t.ly/dI73R,,,
Hong Kong Dog Rescue,Dog,M,Rex,https://t.ly/aXQRS,,,
SPCA,Dog,F,Creamy,https://t.ly/uJ6K_,,,
Paws United Charity,Cat,F,Cherie,https://tinyurl.com/56wzdtv2,,,
HKSCDA,Cat,M,古樂天,https://t.ly/dcxSm,,,
SAA,Cat,F,Saturday,https://t.ly/Iu203,,,
HKAAC,Dog,F,Athena,https://t.ly/ymMTl,,,
HKHERP,Snake,N/A,彈彈ball,https://t.ly/RSRYa,,,
Hong Kong Rabit Society,Rabbit,M,Teemo,https://t.ly/o8vQd,,,
Hong Kong Dog Rescue,Dog,F,Ally,https://t.ly/xt0P7,,,
SPCA,Dog,F,麵麵,https://t.ly/EzNT4,,,
Paws United Charity,Dog,F,Linguine,https://t.ly/2lcjx,,,
HKSCDA,Cat,M,金桔仔,https://t.ly/NLx7i,,,
SAA,Cat,F,Wednesday,https://t.ly/3Rdbi,,,
HKAAC,Cat,F,十三妹,https://t.ly/jIK4x,,,
HKHERP,Turtle,N/A,金金,https://t.ly/Phri_,,,
Hong Kong Rabit Society,Rabbit,F,Comfy,https://t.ly/fmjni,,,
Hong Kong Dog Rescue,Dog,M,Nigel,https://t.ly/CPXLs,,,
SPCA,Dog,F,Gina,https://t.ly/l_XaW,,,
Paws United Charity,Cat,M,Taro,https://t.ly/xkiBS,,,
HKSCDA,Cat,M,黑咪,https://t.ly/p5zxM,,,
SAA,Cat,F,Monday,https://t.ly/a5iV4,,,
HKAAC,Dog,F,奶B,https://t.ly/rt4TL,,,
HKHERP,Turtle,N/A,柚皮,https://t.ly/0FCIB,,,
Hong Kong Rabit Society,Rabbit,F,Koaki,https://t.ly/jI7Z2,,,
Hong Kong Dog Rescue,Dog,F,Cleo,https://t.ly/2v57f,,,
SPCA,Dog,F,Coffee,https://t.ly/sgXSW,,,
Paws United Charity,Dog,F,Paris,https://t.ly/TmmV2,,,
HKSCDA,Cat,F,河小黑,https://t.ly/LyOwL,,,
SAA,Cat,M,豆豆貓,https://t.ly/ZHXCP,,,
HKAAC,Cat,F,巴閉,https://t.ly/udfKf,,,
HKHERP,Turtle,N/A,Y6,https://t.ly/lOXiv,,,
Hong Kong Rabit Society,Rabbit,F,Joni,https://t.ly/qy_UY,,,
Hong Kong Dog Rescue,Dog,M,Rocco,https://t.ly/SyPUM,,,
SPCA,Cat,F,莎莎,https://t.ly/8hN26,,,
Paws United Charity,Cat,F,Sievert,https://t.ly/F_Dg9,,,
HKSCDA,Dog,M,Dobby,https://t.ly/3-wVG,,,
SAA,Cat,F,埗媽,https://t.ly/GbBBV,,,
HKAAC,Cat,M,洪爺,https://t.ly/DCNx3,,,
HKHERP,Snake,N/A,彈彈ball,https://t.ly/lOXiv,,,
Hong Kong Rabit Society,Rabbit,F,Yama,https://t.ly/kNoe1,,,
Hong Kong Dog Rescue,Dog,F,Pudding,https://t.ly/hRIJk,,,
SPCA,Cat,F,Chloe,https://t.ly/AfnTJ,,,
Paws United Charity,Dog,M,Max,https://t.ly/qObRN,,,
HKSCDA,Cat,M,肥仔,https://t.ly/04KcV,,,
SAA,Cat,F,Sugar,https://t.ly/GP-i5,,,
HKAAC,Cat,M,浩南,https://t.ly/NTGOO,,,
HKHERP,Turtle,N/A,金金,https://t.ly/sPkoi,,,
Hong Kong Rabit Society,Rabbit,M,Taro,https://t.ly/ueagO,,,
Hong Kong Dog Rescue,Dog,F,Roxie,https://t.ly/bqIHt,,,
SPCA,Dog,M,Harley,https://t.ly/laxSU,,,
Paws United Charity,Dog,M,Moses,https://t.ly/kZiJc,,,
HKSCDA,Cat,M,Ken,https://t.ly/hQZ6P,,,
SAA,Cat,F,Doddie,https://t.ly/jMxFS,,,
HKAAC,Cat,F,細細粒,https://t.ly/-8-x6,,,
HKHERP,Turtle,N/A,柚皮,https://t.ly/vrVXH,,,
Hong Kong Rabit Society,Rabbit,F,Ciwi,https://t.ly/KG_pA,,,
Hong Kong Dog Rescue,Dog,M,Elvin,https://t.ly/NJsjW,,,
SPCA,Dog,M,Siu Gak,https://t.ly/kkREk,,,
Paws United Charity,Dog,F,Lola,https://t.ly/xWStM,,,
HKSCDA,Cat,F,雷媽媽,https://t.ly/sQVMI,,,
SAA,Cat,F,Cody,https://t.ly/ZGqN-,,,
HKAAC,Dog,M,麥哥利,https://t.ly/oeoWW,,,
HKHERP,Turtle,N/A,Y6,https://t.ly/rWLHp,,,
Hong Kong Rabit Society,Rabbit,M,Jubu,https://t.ly/PUf0c,,,
Hong Kong Dog Rescue,Dog,F,Flippy,https://t.ly/Y3qcx,,,
SPCA,Dog,F,Foster,https://t.ly/tyTNG,,,
Paws United Charity,Dog,F,Abigail,https://t.ly/uOCsH,,,
HKSCDA,Cat,M,布霖,https://t.ly/UIAgO,,,
SAA,Cat,F,Wasabi,https://t.ly/-6p8R,,,
HKAAC,Dog,M,雞旦仔,https://t.ly/DWzBz,,,
HKHERP,Snake,N/A,白雪雪,https://t.ly/9X0X0,,,
Hong Kong Rabit Society,Rabbit,M,Phil,https://t.ly/AwqqI,,,
Hong Kong Dog Rescue,Dog,M,Scribble,https://t.ly/CF8Zi,,,
SPCA,Dog,M,Jolli,https://t.ly/Fbtyp,,,
Paws United Charity,Cat,F,Patches,https://t.ly/I-AXr,,,
HKSCDA,Cat,F,Lulu,https://t.ly/u0shN,,,
SAA,Cat,F,悠悠,https://t.ly/Fj66M,,,
HKAAC,Dog,M,俊一,https://t.ly/x0EEp,,,
HKHERP,Snake,N/A,彈彈ball,https://t.ly/aYAvz,,,
Hong Kong Rabit Society,Rabbit,M,Vegas,https://t.ly/Pdamb,,,
Hong Kong Dog Rescue,Dog,M,Star,https://t.ly/xP0y5,,,
SPCA,Cat,M,Nate,https://t.ly/bYc-2,,,
Paws United Charity,Dog,F,Lola,https://t.ly/OGbIL,,,
HKSCDA,Cat,M,William,https://siuyeo.ng/Kwap,,,
SAA,Cat,F,Yan Yan,https://t.ly/tROBo,,,
HKAAC,Dog,F,肥妹,https://t.ly/advsr,,,
HKHERP,Turtle,N/A,金金,https://t.ly/HBIPS,,,
Hong Kong Rabit Society,Rabbit,M,Colby,https://t.ly/JL3ds,,,
Hong Kong Dog Rescue,Dog,F,Gabby,https://t.ly/iDgxi,,,
SPCA,Dog,F,Patty,https://t.ly/9PsWD,,,
Paws United Charity,Dog,F,Carley,https://t.ly/NhfGb,,,
HKSCDA,Cat,M,Gin,https://t.ly/uMcnR,,,
SAA,Cat,F,Mei Mei,https://t.ly/Hl4z8,,,
HKAAC,Dog,F,Elsa 愛莎,https://t.ly/rBa3W,,,
HKHERP,Turtle,N/A,成巴,https://t.ly/5Xkmx,,,
Hong Kong Rabit Society,Rabbit,M,Gin,https://t.ly/K4W18,,,
Hong Kong Dog Rescue,Dog,M,Spike,https://t.ly/sBumx,,,
SPCA,Dog,M,Enzo,https://t.ly/ca0wl,,,
Paws United Charity,Dog,M,Eggie,https://t.ly/aPcvZ,,,
HKSCDA,Cat,F,Stormy,https://t.ly/0rv3i,,,
SAA,Cat,M,O仔,https://t.ly/ANm-2,,,
HKAAC,Dog,F,Ella 愛娜,https://t.ly/qakKy,,,
HKHERP,Turtle,N/A,柚皮,https://t.ly/3akxx,,,
Hong Kong Rabit Society,Rabbit,F,Janna,https://t.ly/NotdN,,,
Hong Kong Dog Rescue,Dog,F,Gracie,https://t.ly/k_-Ek,,,
SPCA,Dog,F,Miffy,https://t.ly/SB7-j,,,
Paws United Charity,Dog,M,Frittata,https://t.ly/Fzuvp,,,
HKSCDA,Cat,M,Sariel,https://t.ly/GoGRU,,,
SAA,Cat,F,Z,https://is.gd/fSRgAR,,,
HKAAC,Dog,M,得得,https://t.ly/Dj4lG,,,
HKHERP,Turtle,N/A,Y6,https://t.ly/xtszA,,,
Hong Kong Rabit Society,Rabbit,F,Tiana,https://t.ly/aqzqp,,,
Hong Kong Dog Rescue,Dog,F,Lollipop,https://t.ly/ZcBZ,,,
SPCA,Dog,F,Mila,https://t.ly/-7B4,,,
Paws United Charity,Cat,F,Gajira,https://t.ly/nlTi,,,
HKSCDA,Cat,F,滿島檸檬,https://t.ly/eGu6-,,,
SAA,Cat,M,Tab,https://t.ly/g-GA,,,
HKAAC,Dog,F,茶茶,https://t.ly/8ir9,,,
HKHERP,Turtle,N/A,PCW083,https://t.ly/C_RE,,,
Hong Kong Rabit Society,Rabbit,F,Gulu,https://t.ly/dF_ZE,,,
Hong Kong Dog Rescue,Dog,M,Runner,https://t.ly/ePUAr,,,
SPCA,Cat,M,Timothy,https://t.ly/ZOx3,,,
Paws United Charity,Dog,M,Ivon,https://t.ly/hJv8,,,
HKSCDA,Cat,F,蘿莉,https://t.ly/wDpOn,,,
SAA,Cat,M,Gin,https://t.ly/Q8qLA,,,
HKAAC,Dog,M,Kenny.B,https://t.ly/w2Fy,,,
HKHERP,Turtle,N/A,柚皮,https://t.ly/C5S1N,,,
Hong Kong Rabit Society,Rabbit,F,Sica,https://t.ly/rhE8,,,
Hong Kong Dog Rescue,Dog,M,Goji,https://t.ly/BFiA-,,,
SPCA,Dog,F,Alin,https://t.ly/atW_,,,
Paws United Charity,Cat,M,Palmer,https://t.ly/wsmB,,,
HKSCDA,Cat,F,英姿,https://t.ly/HV0ks,,,
SAA,Cat,F,Lo Lo,https://t.ly/_9lnk,,,
HKAAC,Dog,F,愛瑪,https://t.ly/lgfe,,,
HKHERP,Turtle,N/A,阿望,https://t.ly/a6eK,,,
Hong Kong Rabit Society,Rabbit,M,Goma,https://t.ly/-iwU,,,
Hong Kong Dog Rescue,Dog,M,Jiffy,https://is.gd/P0IcmW,,,
SPCA,Dog,M,Hyena,https://is.gd/TawTB0,,,
Paws United Charity,Cat,F,Cherie,https://t.ly/Tepm,,,
HKSCDA,Cat,M,滿島山,https://t.ly/wCjP,,,
SAA,Dog,F,Apple,https://is.gd/HAWvVD,,,
HKAAC,Dog,F,肥妹,https://t.ly/-_5H,,,
HKHERP,Snake,N/A,乳牛,https://t.ly/CpvQ,,,
Hong Kong Rabit Society,Rabbit,M,Long Long,https://t.ly/OFsF,,,
Hong Kong Dog Rescue,Dog,M,Cino,https://t.ly/VZyP,,,
SPCA,Dog,F,Chocolate,https://t.ly/YUTm,,,
Paws United Charity,Dog,F,Vania,https://t.ly/Qqpz,,,
HKSCDA,Cat,F,綠茶,https://t.ly/G_Wu,,,
SAA,Dog,F,虎紋,https://t.ly/7w1b,,,
HKAAC,Dog,M,比比,https://t.ly/MjpN,,,
HKHERP,Turtle,N/A,阿細,https://t.ly/fXl1,,,
Hong Kong Rabit Society,Rabbit,F,Lilo,https://t.ly/yDFvm,,,
Hong Kong Dog Rescue,Dog,M,Pokkie,https://t.ly/A3uL,,,
SPCA,Dog,M,Puff,https://t.ly/uyjm,,,
Paws United Charity,Dog,M,Kyoho,https://t.ly/gQiX,,,
HKSCDA,Cat,M,小精靈,https://siuyeo.ng/7wvte,,,
SAA,Dog,F,阿嬌,https://siuyeo.ng/ewc4p,,,
HKAAC,Dog,M,Dicky,https://siuyeo.ng/Ewc18,,,
HKHERP,Turtle,N/A,Y6,https://siuyeo.ng/MwcXY,,,
Hong Kong Rabit Society,Rabbit,F,Loppy,https://siuyeo.ng/WwcSk,,,
Hong Kong Dog Rescue,Dog,F,Tina,https://siuyeo.ng/uwcWT,,,
SPCA,Dog,F,Hank,https://siuyeo.ng/1wcxc,,,
Paws United Charity,Cat,F,Linda,https://siuyeo.ng/0wcfG,,,
HKSCDA,Cat,M,金多寶,https://siuyeo.ng/7wcwo,,,
SAA,Dog,M,阿雄,https://siuyeo.ng/JwxNz,,,
HKAAC,Dog,M,Jeffrey,https://siuyeo.ng/KwxJF,,,
HKHERP,Snake,N/A,Z39,https://siuyeo.ng/qwxOq,,,
Hong Kong Rabit Society,Rabbit,F,Nacho,https://siuyeo.ng/NwxEI,,,
Hong Kong Dog Rescue,Dog,M,Dino,https://siuyeo.ng/Jwxxd,,,
SPCA,Dog,F,Roxy,https://siuyeo.ng/DwxsI,,,
Paws United Charity,Cat,F,Etta,https://siuyeo.ng/cwxed,,,
HKSCDA,Cat,F,Diana,https://siuyeo.ng/8wz4T,,,
SAA,Dog,M,Jerry,https://siuyeo.ng/Iwz2O,,,
HKAAC,Cat,F,曼曼,https://siuyeo.ng/zwzVw,,,
HKHERP,Snake,N/A,粉粉,https://siuyeo.ng/vwzSW,,,
Hong Kong Rabit Society,Rabbit,F,Mugi,https://siuyeo.ng/0wzRZ,,,
Hong Kong Dog Rescue,Dog,M,Drake,https://siuyeo.ng/gwzxp,,,
SPCA,Dog,F,Windie,https://siuyeo.ng/1wzgS,,,
Paws United Charity,Dog,F,Hera,https://siuyeo.ng/Owzwp,,,
HKSCDA,Cat,M,安安,https://siuyeo.ng/Uwl0x,,,
SAA,Dog,F,June,https://siuyeo.ng/QwlCz,,,
HKAAC,Dog,M,糯米糍,https://siuyeo.ng/ewlSa,,,
HKHERP,Turtle,N/A,恐龍,https://siuyeo.ng/MwlYe,,,
Hong Kong Rabit Society,Rabbit,F,Hoppin,https://siuyeo.ng/jwlmH,,,
Hong Kong Dog Rescue,Dog,M,Arlo,https://siuyeo.ng/fwllB,,,
SPCA,Cat,M,Siu Gut,https://siuyeo.ng/Twlsk,,,
Paws United Charity,Dog,M,Kyoho,https://siuyeo.ng/Swk6h,,,
HKSCDA,Cat,F,小唐菜,https://siuyeo.ng/Swk9D,,,
SAA,Dog,F,Jinnie,https://siuyeo.ng/jwkKG,,,
HKAAC,Dog,M,柴仔,https://siuyeo.ng/AwkFd,,,
HKHERP,蜥蜴,N/A,AA04,https://siuyeo.ng/LwkUG,,,
Hong Kong Rabit Society,Rabbit,F,Bokki,https://siuyeo.ng/Ywknl,,,
Hong Kong Dog Rescue,Dog,M,Sherpa,https://siuyeo.ng/nwkkN,,,
SPCA,Dog,F,Jelly,https://siuyeo.ng/7wkup,,,
Paws United Charity,Dog,M,Kylo,https://siuyeo.ng/QwkqE,,,
HKSCDA,Cat,F,雪碧,https://siuyeo.ng/Wwj3P,,,
SAA,Dog,F,Beep Beep,https://siuyeo.ng/UwjZQ,,,
HKAAC,Dog,M,拉仔,https://siuyeo.ng/owjAv,,,
HKHERP,蜥蜴,N/A,AA01,https://siuyeo.ng/cwjT1,,,
Hong Kong Rabit Society,Rabbit,F,Mercury,https://siuyeo.ng/UwjQd,,,
Hong Kong Dog Rescue,Dog,M,Quentin,https://siuyeo.ng/wwjfa,,,
SPCA,Dog,F,Darlie,https://siuyeo.ng/bwjy8,,,
Paws United Charity,Dog,M,Billy,https://siuyeo.ng/Pwh72,,,
HKSCDA,Cat,F,Bonaqua,https://siuyeo.ng/SwhM1,,,
SAA,Dog,M,Jeep Jeep,https://siuyeo.ng/MwhLr,,,
HKAAC,Cat,M,酷龍,https://siuyeo.ng/zwhDZ,,,
HKHERP,Turtle,N/A,小斑,https://siuyeo.ng/2whUS,,,
Hong Kong Rabit Society,Rabbit,M,Zakka,https://siuyeo.ng/Bwhmf,,,
Hong Kong Dog Rescue,Dog,F,Tansy,https://siuyeo.ng/kwhz8,,,
SPCA,Dog,F,Soda,https://siuyeo.ng/kwhpI,,,
Paws United Charity,Dog,M,Eggie,https://siuyeo.ng/Nwhwk,,,
HKSCDA,Cat,F,呀嬌,https://siuyeo.ng/gwg48,,,
SAA,Dog,F,Jingle,https://siuyeo.ng/RwgVM,,,
HKAAC,Cat,M,一言,https://siuyeo.ng/iwgJd,,,
HKHERP,Turtle,N/A,PMKL003,https://siuyeo.ng/BwgAI,,,
Hong Kong Rabit Society,Rabbit,M,Strong,https://siuyeo.ng/cwgWO,,,
Hong Kong Dog Rescue,Dog,M,Finley,https://siuyeo.ng/rwgc0,,,
SPCA,Dog,F,Willow,https://siuyeo.ng/fwghe,,,
Paws United Charity,Dog,M,Quan,https://siuyeo.ng/Cwgy5,,,
HKSCDA,Cat,F,荔枝,https://siuyeo.ng/pwf59,,,
SAA,Dog,F,Joy,https://siuyeo.ng/8wdXX,,,
HKAAC,Dog,F,Money,https://siuyeo.ng/DwfVJ,,,
HKHERP,Turtle,N/A,PMKL002,https://siuyeo.ng/xwfUA,,,
Hong Kong Rabit Society,Rabbit,M,Slinky,https://siuyeo.ng/3wfnO,,,
Hong Kong Dog Rescue,Dog,M,Timber,https://siuyeo.ng/vwfkF,,,
SPCA,Cat,F,Tracy,https://siuyeo.ng/wwfob,,,
Paws United Charity,Dog,M,Pluto,https://siuyeo.ng/Iwfqm,,,
HKSCDA,Cat,F,章魚燒,https://siuyeo.ng/xwd85,,,
SAA,Dog,M,Jay,https://siuyeo.ng/8wdXX,,,
HKAAC,Dog,F,Bonnie,https://siuyeo.ng/1wdFO,,,
HKHERP,Turtle,N/A,蟹柳,https://siuyeo.ng/IwdW4,,,
Hong Kong Rabit Society,Rabbit,F,Moxie,https://siuyeo.ng/Iwdcz,,,
Hong Kong Dog Rescue,Dog,M,Riley,https://siuyeo.ng/IwddF,,,
SPCA,Dog,M,Dusky,https://siuyeo.ng/Jwdyu,,,
Paws United Charity,Cat,M,Brighton,https://siuyeo.ng/0ws4y,,,
HKSCDA,Cat,F,淺淺,https://siuyeo.ng/6wsMA,,,
SAA,Dog,F,沙沙,https://siuyeo.ng/EwsJL,,,
HKAAC,Dog,F,Vivian,https://siuyeo.ng/cwsOL,,,
HKHERP,Turtle,N/A,小霸王,https://siuyeo.ng/OwsQB,,,
Hong Kong Rabit Society,Rabbit,M,Milky,https://siuyeo.ng/Zwsxk,,,
Hong Kong Dog Rescue,Dog,F,Ritzy,https://siuyeo.ng/TwshZ,,,
SPCA,Cat,F,Mela,https://siuyeo.ng/xwss6,,,
Paws United Charity,Dog,F,Hades,https://siuyeo.ng/7wswO,,,
HKSCDA,Cat,F,灰太郎,https://siuyeo.ng/hkaad20230303,,,
SAA,Dog,M,小夫,https://siuyeo.ng/hkaad20230302,,,
HKAAC,Dog,F,錢錢,https://siuyeo.ng/hkaad20230301,,,
HKHERP,Turtle,N/A,Y10,https://siuyeo.ng/hkaad20230228,,,
Hong Kong Rabit Society,Rabbit,F,Woody,https://siuyeo.ng/hkaad20230227,,,
Hong Kong Dog Rescue,Dog,M,Gherkin,https://siuyeo.ng/hkaad20230226,,,
SPCA,Cat,M,Miso,https://siuyeo.ng/hkaad20230225,,,
Paws United Charity,Dog,M,Gerard,https://siuyeo.ng/hkaad20230224,,,
HKSCDA,Cat,F,宋后,https://siuyeo.ng/hkaad20230223,,,
SAA,Dog,F,包包,https://siuyeo.ng/hkaad20230222,,,
HKAAC,Dog,M,西瓜,https://siuyeo.ng/hkaad20230221,,,
HKHERP,Turtle,N/A,Y9,https://siuyeo.ng/hkaad20230220,,,
Hong Kong Rabit Society,Rabbit,F,Bubbly,https://siuyeo.ng/hkaad20230219,,,
Hong Kong Dog Rescue,Dog,F,Ruby,https://siuyeo.ng/hkaad20230218,,,
SPCA,Rabbit,F,Ivy,https://siuyeo.ng/hkaad20230217,,,
Paws United Charity,Dog,F,Manna,https://siuyeo.ng/hkaad20230216,,,
HKSCDA,Cat,F,饅頭,https://siuyeo.ng/hkaad20230215,,,
SAA,Dog,F,May May,https://siuyeo.ng/hkaad20230214,,,
HKAAC,Dog,F,蘇絲,https://siuyeo.ng/hkaad20230213,,,
HKHERP,Turtle,N/A,Y8,https://siuyeo.ng/hkaad20230212,,,
Hong Kong Rabit Society,Rabbit,F,Brulee,https://siuyeo.ng/hkaad20230211,,,
Hong Kong Dog Rescue,Dog,M,Hayes,https://siuyeo.ng/hkaad20230210,,,
SPCA,Dog,F,Seaweed,https://siuyeo.ng/hkaad20230209,,,
Paws United Charity,Dog,M,Tudor,https://siuyeo.ng/hkaad20230208,,,
HKSCDA,Cat,M,Sunny,https://siuyeo.ng/hkaad20230207,,,
SAA,Dog,M,賀賀,https://siuyeo.ng/hkaad20230206,,,
HKAAC,Dog,M,肥波,https://siuyeo.ng/hkaad20230205,,,
HKHERP,Turtle,N/A,Y7,https://siuyeo.ng/hkaad20230204,,,
Hong Kong Rabit Society,Rabbit,F,Qoo,https://siuyeo.ng/hkaad20230203,,,
Hong Kong Dog Rescue,Dog,F,Elsie,https://siuyeo.ng/hkaad20230202,,,
SPCA,Dog,M,Miki,https://siuyeo.ng/hkaad20230201,,,
Paws United Charity,Dog,F,Quintus,https://siuyeo.ng/hkaad20230131,,,
HKSCDA,Cat,F,Gucci,https://siuyeo.ng/hkaad20230130,,,
SAA,Dog,F,禧禧,https://siuyeo.ng/hkaad20230129,,,
HKAAC,Dog,F,菲菲,https://siuyeo.ng/hkaad20230128,,,
HKHERP,Turtle,N/A,Y5,https://siuyeo.ng/hkaad20230127,,,
Hong Kong Rabit Society,Rabbit,F,Monki,https://siuyeo.ng/hkaad20230126,,,
Hong Kong Dog Rescue,Dog,M,Dandy,https://siuyeo.ng/hkaad20230125,,,
SPCA,Dog,F,Bibi,https://siuyeo.ng/hkaad20230124,,,
Paws United Charity,Dog,M,Toro,https://siuyeo.ng/hkaad20230123,,,
HKSCDA,Cat,F,八木莉,https://siuyeo.ng/hkaad20230122,,,
SAA,Dog,M,恭恭,https://siuyeo.ng/hkaad20230121,,,
HKAAC,Dog,M,興隆,https://siuyeo.ng/hkaad20230120,,,
HKHERP,Turtle,N/A,Y2,https://siuyeo.ng/hkaad20230119,,,
Hong Kong Rabit Society,Rabbit,F,Gloria,https://siuyeo.ng/hkaad20230118,,,
Hong Kong Dog Rescue,Dog,F,Hazel,https://siuyeo.ng/hkaad20230117,,,
SPCA,Cat,F,Vox,https://siuyeo.ng/hkaad20230116,,,
Paws United Charity,Dog,F,Atlanta,https://siuyeo.ng/hkaad20230115,,,
HKSCDA,Cat,F,妮姬,https://siuyeo.ng/hkaad20230114,,,
SAA,Dog,M,阿福,https://siuyeo.ng/hkaad20230113,,,
HKAAC,Cat,N/A,雙雙,https://siuyeo.ng/hkaad20230112,,,
HKHERP,Turtle,N/A,Y1,https://siuyeo.ng/hkaad20230111,,,
Hong Kong Rabit Society,Rabbit,F,Gabby,https://siuyeo.ng/hkaad20230110,,,
Hong Kong Dog Rescue,Dog,F,Gabby,https://siuyeo.ng/hkaad20230109,,,
SPCA,鼠,M,Paulie,https://siuyeo.ng/hkaad20230108,,,
Paws United Charity,Dog,M,Torin,https://siuyeo.ng/hkaad20230107,,,
HKSCDA,Cat,M,滿島光,https://siuyeo.ng/hkaad20230106,,,
SAA,Dog,M,Edwin,https://siuyeo.ng/hkaad20230105,,,
HKAAC,Dog,M,Kinder,https://siuyeo.ng/hkaad20230104,,,
HKHERP,Turtle,N/A,F42,https://siuyeo.ng/hkaad20230103,,,
Hong Kong Rabit Society,Rabbit,F,Jippi,https://siuyeo.ng/hkaad20230102,,,
Hong Kong Dog Rescue,Dog,F,Hetty,https://siuyeo.ng/hkaad20230101,,,
SPCA,Dog,F,Nacy,https://siuyeo.ng/hkaad20221231,,,
Paws United Charity,Dog,F,Callen,https://siuyeo.ng/hkaad20221230,,,
HKSCDA,Cat,F,甜絲絲,https://siuyeo.ng/hkaad20221229,,,
SAA,Dog,M,Maro,https://siuyeo.ng/hkaad20221228,,,
HKAAC,Dog,F,Merry,https://siuyeo.ng/hkaad20221227,,,
HKHERP,Turtle,M,F31,https://siuyeo.ng/hkaad20221226,,,
Hong Kong Rabit Society,Rabbit,M,Teensy,https://siuyeo.ng/hkaad20221225,,,
Hong Kong Dog Rescue,Dog,M,Gavin,https://siuyeo.ng/hkaad20221224,,,
SPCA,Dog,F,Jessie,https://siuyeo.ng/hkaad20221223,,,
Paws United Charity,Dog,F,Carley,https://siuyeo.ng/hkaad20221222,,,
HKSCDA,Cat,F,甜椰椰,https://siuyeo.ng/hkaad20221221,,,
SAA,Dog,F,Lulu,https://siuyeo.ng/hkaad20221220,,,
HKAAC,Dog,M,Marcus,https://siuyeo.ng/hkaad20221219,,,
HKHERP,Turtle,N/A,F48,https://siuyeo.ng/hkaad20221218,,,
Hong Kong Rabit Society,Rabbit,M,Solstice,https://siuyeo.ng/hkaad20221217,,,
Hong Kong Dog Rescue,Dog,M,Callum,https://siuyeo.ng/hkaad20221216,,,
SPCA,Cat,F,Lily,https://siuyeo.ng/hkaad20221215,,,
Paws United Charity,Dog,M,Pluto,https://siuyeo.ng/hkaad20221214,,,
HKSCDA,Cat,M,阿根廷,https://siuyeo.ng/hkaad20221213,,,
SAA,Dog,F,Pearly,https://siuyeo.ng/hkaad20221212,,,
HKAAC,Dog,F,貴貴,https://siuyeo.ng/hkaad20221211,,,
HKHERP,Turtle,N/A,PCW080,https://siuyeo.ng/hkaad20221210,,,
Hong Kong Rabit Society,Rabbit,F,Shaomai,https://siuyeo.ng/hkaad20221209,,,
Hong Kong Dog Rescue,Dog,F,Cairo,https://siuyeo.ng/hkaad20221208,,,
SPCA,鼠,M,Hapa,https://siuyeo.ng/hkaad20221207,,,
Paws United Charity,Dog,M,Blanket,https://siuyeo.ng/hkaad20221206,,,
HKSCDA,Cat,M,春卷,https://siuyeo.ng/hkaad20221205,,,
SAA,Dog,F,Miko,https://siuyeo.ng/hkaad20221204,,,
HKAAC,Dog,F,莉莉,https://siuyeo.ng/hkaad20221203,,,
HKHERP,Turtle,N/A,PCW081,https://siuyeo.ng/hkaad20221202,,,
Hong Kong Rabit Society,Rabbit,M,Paste,https://siuyeo.ng/hkaad20221201,,,
Hong Kong Dog Rescue,Dog,F,Piper,https://siuyeo.ng/hkaad20221130,,,
SPCA,Dog,M,Mo Jai,https://siuyeo.ng/hkaad20221129,,,
Paws United Charity,Dog,F,Comet,https://siuyeo.ng/hkaad20221128,,,
HKSCDA,Cat,F,瑪梨媽,https://siuyeo.ng/hkaad20221127,,,
SAA,Dog,F,金金,https://siuyeo.ng/hkaad20221126,,,
HKAAC,Dog,M,藍保,https://siuyeo.ng/hkaad20221125,,,
HKHERP,Turtle,N/A,PCW083,https://siuyeo.ng/hkaad20221124,,,
Hong Kong Rabit Society,Rabbit,M,Copy,https://siuyeo.ng/hkaad20221123,,,
Hong Kong Dog Rescue,Dog,F,India,https://siuyeo.ng/hkaad20221122,,,
SPCA,Cat,F,Grace,https://siuyeo.ng/hkaad20221121,,,
Paws United Charity,Dog,F,Mercury,https://siuyeo.ng/hkaad20221120,,,
HKSCDA,Cat,M,啫喱仔,https://siuyeo.ng/hkaad20221119,,,
SAA,Dog,F,藍藍,https://siuyeo.ng/hkaad20221118,,,
HKAAC,Dog,F,Cindy,https://siuyeo.ng/hkaad20221117,,,
HKHERP,Turtle,N/A,PCW087,https://siuyeo.ng/hkaad20221116,,,
Hong Kong Rabit Society,Rabbit,F,Peepsy,https://siuyeo.ng/hkaad20221115,,,
Hong Kong Dog Rescue,Dog,M,Grant,https://siuyeo.ng/hkaad20221114,,,
SPCA,Cat,M,Ar Lu,https://siuyeo.ng/hkaad20221113,,,
Paws United Charity,Dog,F,Cava,https://siuyeo.ng/hkaad20221112,,,
HKSCDA,Cat,F,花花,https://siuyeo.ng/hkaad20221111,,,
SAA,Dog,M,大雄,https://siuyeo.ng/hkaad20221110,,,
HKAAC,Cat,N/A,池池,https://siuyeo.ng/hkaad20221109,,,
HKHERP,Turtle,N/A,PCW089,https://siuyeo.ng/hkaad20221108,,,
Hong Kong Rabit Society,Rabbit,F,Tom Yum,https://siuyeo.ng/hkaad20221107,,,
Hong Kong Dog Rescue,Dog,M,Cassius,https://siuyeo.ng/hkaad20221106,,,
SPCA,Cat,F,Bala,https://siuyeo.ng/hkaad20221105,,,
Paws United Charity,Dog,M,Ivon,https://siuyeo.ng/hkaad20221104,,,
HKSCDA,Cat,M,華仔,https://siuyeo.ng/hkaad20221103,,,
SAA,Dog,M,懵懵,https://siuyeo.ng/hkaad20221102,,,
HKAAC,Cat,N/A,彩彩,https://siuyeo.ng/hkaad20221101,,,
HKHERP,Turtle,N/A,PCW092,https://siuyeo.ng/hkaad20221031,,,
Hong Kong Rabit Society,Rabbit,F,Faith,https://siuyeo.ng/hkaad20221030,,,
Hong Kong Dog Rescue,Dog,M,Turpin,https://siuyeo.ng/hkaad20221029,,,
SPCA,Cat,M,Matty,https://siuyeo.ng/hkaad20221028,,,
Paws United Charity,Dog,M,Birch,https://siuyeo.ng/hkaad20221027,,,
HKSCDA,Cat,F,三點色,https://siuyeo.ng/hkaad20221026,,,
SAA,Dog,M,Yoggie,https://siuyeo.ng/hkaad20221025,,,
HKAAC,Dog,M,Louis,https://siuyeo.ng/hkaad20221024,,,
HKHERP,Turtle,M,F33,https://siuyeo.ng/hkaad20221023,,,
Hong Kong Rabit Society,Rabbit,F,Oggy,https://siuyeo.ng/hkaad20221022,,,
Hong Kong Dog Rescue,Dog,M,Scamp,https://siuyeo.ng/hkaad20221021,,,
SPCA,Dog,F,Ding Dong,https://siuyeo.ng/hkaad20221020,,,
Paws United Charity,Dog,M,Dalton,https://siuyeo.ng/hkaad20221019,,,
HKSCDA,Cat,F,華華,https://siuyeo.ng/hkaad20221018,,,
SAA,Dog,M,Niku,https://siuyeo.ng/hkaad20221017,,,
HKAAC,Cat,M,熊熊,https://siuyeo.ng/hkaad20221016,,,
HKHERP,Turtle,N/A,豆苗,https://siuyeo.ng/hkaad20221015,,,
Hong Kong Rabit Society,Rabbit,M,Smokey,https://siuyeo.ng/hkaad20221014,,,
Hong Kong Dog Rescue,Dog,M,Smithy,https://siuyeo.ng/hkaad20221013,,,
SPCA,Cat,F,Bala,https://siuyeo.ng/hkaad20221012,,,
Paws United Charity,Cat,F,Vera,https://siuyeo.ng/hkaad20221011,,,
HKSCDA,Cat,F,金星,https://siuyeo.ng/hkaad20221010,,,
SAA,Dog,F,Mumbo,https://siuyeo.ng/hkaad20221009,,,
HKAAC,Dog,M,Smartie,https://siuyeo.ng/hkaad20221008,,,
HKHERP,Turtle,N/A,大力,https://siuyeo.ng/hkaad20221007,,,
Hong Kong Rabit Society,Rabbit,F,Layla,https://siuyeo.ng/hkaad20221006,,,
Hong Kong Dog Rescue,Dog,M,Scrabble,https://siuyeo.ng/hkaad20221005,,,
SPCA,Dog,F,Sesame,https://siuyeo.ng/hkaad20221004,,,
Paws United Charity,Dog,F,Xena,https://siuyeo.ng/hkaad20221003,,,
HKSCDA,Cat,F,Lily,https://siuyeo.ng/hkaad20221002,,,
SAA,Dog,F,Hug B,https://siuyeo.ng/hkaad20221001,https://www.facebook.com/siuyeongHKAdopt/posts/pfbid02TS7cpxGLCmKwdsKfC9mbqN9eXYKHkk17uxpkqUhsLBSCpYmihb5SAN6jLbCjYk7Wl,https://www.instagram.com/p/CjJxhSSvtp0/,https://t.me/siuyeongHKAdopt/919
HKAAC,Cat,F,花花,https://siuyeo.ng/hkaad20220930,https://www.facebook.com/siuyeongHKAdopt/posts/pfbid024QABniX61zwfD9GwKDUGAMZaG3gVm9RbxUcCrPCY7cWFwAkbYL3UiGJTa5TfJycl,https://www.instagram.com/p/CjHMuPZMIFe/,https://t.me/siuyeongHKAdopt/918
HKHERP,Turtle,N/A,貝貝,https://siuyeo.ng/hkaad20220929,https://www.facebook.com/siuyeongHKAdopt/posts/pfbid02BPKFSg6nMPKZZQBLAUiuin8SVQvqayaPLuiqybLebzE8WhJUCu2QobLi9kvzSK5tl,https://www.instagram.com/p/CjEn8RetlDU/,https://t.me/siuyeongHKAdopt/917
Hong Kong Rabit Society,Rabbit,M,Matic,https://siuyeo.ng/hkaad20220928,https://www.facebook.com/siuyeongHKAdopt/posts/pfbid0CombVgBgs1KwoXmNMJtU58okPSjSfACxSdhsBib3hYwq5Q6FhspS4R2ra7zzjiSol,https://www.instagram.com/p/CjCDIQ5tiPc/,https://t.me/siuyeongHKAdopt/916
Hong Kong Dog Rescue,Dog,F,Truffle,https://siuyeo.ng/hkaad20220927,https://www.facebook.com/siuyeongHKAdopt/posts/pfbid0C8fw1tMGfo36Vo411cZmBhjr8gYeNVFi3p5aa2V7JPWPb4mKVCzZYT5VEnu5apYYl,https://www.instagram.com/p/Ci_eWCFPNhq/,https://t.me/siuyeongHKAdopt/915
SPCA,Dog,M,Cris,https://siuyeo.ng/hkaad20220926,https://www.facebook.com/siuyeongHKAdopt/posts/pfbid037gpmqhyx5wUpJFtxXP5LABkjW2e6xS1y4sPmtqtQ3A5J4TwvxiWys1NT2SyQtvbKl,https://www.instagram.com/p/Ci85iyit-6K/,https://t.me/siuyeongHKAdopt/914
Paws United Charity,Dog,M,Eddie,https://siuyeo.ng/hkaad20220925,https://www.facebook.com/siuyeongHKAdopt/posts/pfbid02ZSbosnWMv6uiL4BKk8YTBSfb1oaL68ZLLPNEgGRBB7TFAyRa6p7yWtjRHqcMSVUzl,https://www.instagram.com/p/Ci6UwgXuT3Q/,https://t.me/siuyeongHKAdopt/913
HKSCDA,Cat,M,咕嚕,https://siuyeo.ng/hkaad20220924,https://www.facebook.com/siuyeongHKAdopt/posts/pfbid0SvWsCuEZenf2aqELN2cC8tidZW43Zg4EeQQdv7uWpS9esgKne8gEDGtb4jMkBFVNl,https://www.instagram.com/p/Ci3v9MAtoxf/,https://t.me/siuyeongHKAdopt/912
SAA,Dog,M,Yoda,https://siuyeo.ng/hkaad20220923,https://www.facebook.com/siuyeongHKAdopt/posts/pfbid02zdB9CZQvQnuGc8XpxsBqtrbvEwGbc9wbYLstEfhiA3JyHSxgpCNzi6HjS2Qsb6HNl,https://www.instagram.com/p/Ci1LKQmPGI5/,https://t.me/siuyeongHKAdopt/911
HKAAC,Dog,M,加賀,https://siuyeo.ng/hkaad20220922,https://www.facebook.com/siuyeongHKAdopt/posts/pfbid02Ten61e8ypeRynNxZV1Jj8YCEV5NeBoyDVX9cH5wwMdEE8fPnq6MVG3ZbDsAY5xX8l,https://www.instagram.com/p/CiymXZup-gu/,https://t.me/siuyeongHKAdopt/910
HKHERP,Frog,N/A,One仔,https://siuyeo.ng/hkaad20220921,https://www.facebook.com/siuyeongHKAdopt/posts/pfbid02bgtLxA4tRUAYqH1jZz4nv5YkmiWKR9wUhsm7JeC2RDCeGcDWtoS7GLqkXBNZ3NCTl,https://www.instagram.com/p/CiwBkQuvLHD/,https://t.me/siuyeongHKAdopt/909
Hong Kong Rabit Society,Rabbit,F,Tally,https://siuyeo.ng/hkaad20220920,https://www.facebook.com/siuyeongHKAdopt/posts/pfbid02VBfzW5x5HYXHBJzQPVmpdZF97euQvKL2n1NohCG8eCvMWjrek4yV22nhNic47xxl,https://www.instagram.com/p/CisB_G6pkgd/,https://t.me/siuyeongHKAdopt/908
Hong Kong Dog Rescue,Dog,F,Puzzle,https://siuyeo.ng/hkaad20220919,https://www.facebook.com/siuyeongHKAdopt/posts/pfbid0rt6vqUHR2nDRNMd7wDNJH98cbsGg1kbVtLwyPYRkb72XgSKHVN7wNZMEAgutjQmdl,https://www.instagram.com/p/Cipa_SJpGSV/,https://t.me/siuyeongHKAdopt/907
SPCA,Cat,F,Tong Yuen,https://siuyeo.ng/hkaad20220918,https://www.facebook.com/siuyeongHKAdopt/posts/pfbid02hA2oBUBJa16xxwa8JwMW1MC46yJkNzkvAYWBLYbxRSeiFNEGE8vXfGohPSyQQFoml,https://www.instagram.com/p/CiogGxIp4pN/,https://t.me/siuyeongHKAdopt/906
Paws United Charity,Dog,F,Gaige,https://siuyeo.ng/hkaad20220917,https://www.facebook.com/siuyeongHKAdopt/posts/pfbid0npY68KKYY7Vv6FR82rTTCGsF8DURwzGNb8eC9L17E2ja6v9yiJqiGv57LAxH3WUxl,https://www.instagram.com/p/CimC6zzJG_a/,https://t.me/siuyeongHKAdopt/905
HKSCDA,Cat,F,Vanessa,https://siuyeo.ng/hkaad20220916,https://www.facebook.com/siuyeongHKAdopt/posts/pfbid0p69Cxjp94NBPkqbb1981SJJRbVHtefCvwgzWZbs6wwXUTLJrr7H8s572mgtuM7UKl,https://www.instagram.com/p/CijJmhJv5-h/,https://t.me/siuyeongHKAdopt/904
SAA,Dog,F,Wing Wing,https://siuyeo.ng/hkaad20220915,https://www.facebook.com/siuyeongHKAdopt/posts/pfbid02XDqUtnMmTNftak9mj1Qa18vis43bfWHKLDG7kaJFPqwucDC7Kkxa6V6mmm2Gq7pql,https://www.instagram.com/p/Cigky1PJWyh/,https://t.me/siuyeongHKAdopt/903
HKAAC,Cat,F,茶茶,https://siuyeo.ng/hkaad20220914,https://www.facebook.com/siuyeongHKAdopt/posts/pfbid0H3NjbF51f2a8iCrnG8MChVqU33mBkspSznoZUD7HbdZx6pTusYRcFqr1b2zW8jMgl,https://www.instagram.com/p/CieAAIJLVF_/,https://t.me/siuyeongHKAdopt/902
HKHERP,Turtle,N/A,小鑽,https://siuyeo.ng/hkaad20220913,https://www.facebook.com/siuyeongHKAdopt/posts/pfbid02nEZsgwwZpntyWfHop5XNUt4uVEL8MCudBea5mRMEnptmbtXGHT9gzyjyA3YHJUyol,https://www.instagram.com/p/CibbNMYpe49/,https://t.me/siuyeongHKAdopt/901
Hong Kong Rabit Society,Rabbit,M,Chester,https://siuyeo.ng/hkaad20220912,https://www.facebook.com/siuyeongHKAdopt/posts/pfbid022UXMsiG8gDc3UjGMSxYgF2nEFcA54tZCTkwesNQXNFxAU4Ksmj4RsYML6XX5LaKzl,https://www.instagram.com/p/CiY2akZAq5-/,https://t.me/siuyeongHKAdopt/900
Hong Kong Dog Rescue,Dog,F,Lilian,https://siuyeo.ng/hkaad20220911,https://www.facebook.com/siuyeongHKAdopt/posts/pfbid02J6kPWymncFKqwR7VmVqDbcvxffgrs54v1rHH2uJUsR4SvLuUTAyb7n9SwvQuxSWDl,https://www.instagram.com/p/CiWRnjZvrTY/,https://t.me/siuyeongHKAdopt/899
SPCA,Dog,M,Ray,https://siuyeo.ng/hkaad20220910,https://www.facebook.com/siuyeongHKAdopt/posts/pfbid02kjR7uWk7U8hmiPaSQ7R5wT5SAWUxWJ7v1GopQ1Vm98cGB2fe4EpWhHjyRmyLFkFal,https://www.instagram.com/p/CiTs1GGPSQs/,https://t.me/siuyeongHKAdopt/898
Paws United Charity,Dog,M,Medusa,https://siuyeo.ng/hkaad20220909,https://www.facebook.com/siuyeongHKAdopt/posts/pfbid0SWorSDfTQPbi4Q7dBskaMnLKSHn5Usmyzm4f8r7Uxjn6KkjjSqkeQAdjPxJs58ysl,https://www.instagram.com/p/CiRICLyt1Gn/,https://t.me/siuyeongHKAdopt/897
HKSCDA,Cat,F,娜娜,https://siuyeo.ng/hkaad20220908,https://www.facebook.com/siuyeongHKAdopt/posts/pfbid02UKeb2KfqNG81YhVrKeGBqZpJGx6eFxhKUS4KjMiRaZYnQNJqc52Y4NxBc3fW5GDpl,https://www.instagram.com/p/CiOjO2VPGvY/,https://t.me/siuyeongHKAdopt/896
SAA,Dog,M,哈哈,https://siuyeo.ng/hkaad20220907,https://www.facebook.com/siuyeongHKAdopt/posts/pfbid02C8zEPA5pC7BqFo7mrSMtTg1CPzqctNd53LQjEZaXV4XBLsJa8zdk73pMKNGLqJscl,https://www.instagram.com/p/CiL-cH0AROT/,https://t.me/siuyeongHKAdopt/895
HKAAC,Dog,F,皇妃,https://siuyeo.ng/hkaad20220906,https://www.facebook.com/siuyeongHKAdopt/posts/pfbid0Faqpx2WShcGgVvJ2zZB8GsmFpHTBSwrpY5fYwyFpZ11ESqKtThMpvMaTyA9SwMZMl,https://www.instagram.com/p/CiJZpiRJfEy/,https://t.me/siuyeongHKAdopt/894
HKHERP,Turtle,M,酸辣湯,https://siuyeo.ng/hkaad20220905,https://www.facebook.com/siuyeongHKAdopt/posts/pfbid02am356JYt7ARR4CCXJ6TGS2MSTtSVw2jLdkRzoXQu5YZLTYdig8yDzzSj862Rfe52l,https://www.instagram.com/p/CiG02irA8m3/,https://t.me/siuyeongHKAdopt/893
Hong Kong Rabit Society,Rabbit,M,Otis,https://siuyeo.ng/hkaad20220904,facebook.com/siuyeongHKAdopt/posts/pfbid0bELepxVbnwiGffbT92hjytD9v4JUaoGL58JGo62vaVTYsLqJP2DNqtLQMaHqtr5Ql,https://www.instagram.com/p/CiEoFsPMRK5/,https://t.me/siuyeongHKAdopt/892
Hong Kong Dog Rescue,Dog,M,Klondike,https://siuyeo.ng/hkaad20220903,https://www.facebook.com/siuyeongHKAdopt/posts/pfbid036B1M1hz8VPGrm6te6HQKnbj4dSu4ZoJWnD5zmo5dn1uv9YUsRgjsPLCif6ViNPjNl,https://www.instagram.com/p/CiB4_1TvDUX/,https://t.me/siuyeongHKAdopt/891
SPCA,Cat,F,Angel,https://siuyeo.ng/hkaad20220902,https://www.facebook.com/siuyeongHKAdopt/posts/pfbid02Wp2BcNK5xRasNAaX5ZJKAL1LTSZVLnaj9LSy2jXfZ1nEUW5TNWq6hED4NZSFFh5sl,https://www.instagram.com/p/Ch_GelzrfoJ/,https://t.me/siuyeongHKAdopt/890
Paws United Charity,Dog,M,Gut Gut,https://siuyeo.ng/hkaad20220901,https://www.facebook.com/siuyeongHKAdopt/posts/pfbid06GMmQNr7KgtErVCHgu5Yif52Ws4jtjNxydftJi8Ag1LjSrya5YWRk8dFmx9JXaMfl,https://www.instagram.com/p/Ch8hrYzvxkm/,https://t.me/siuyeongHKAdopt/889
HKSCDA,Cat,M,德古拉,https://siuyeo.ng/hkaad20220831,https://www.facebook.com/siuyeongHKAdopt/posts/pfbid02h8pUf8FAXZww4GmrfwyTaDSUHREUFu7BG9cUKq8dpT31Y9HCw6kAQpNX76YRVpBGl,https://www.instagram.com/p/Ch584BMvDpD/,https://t.me/siuyeongHKAdopt/888
SAA,Dog,F,圓圓,https://siuyeo.ng/hkaad20220830,https://www.facebook.com/siuyeongHKAdopt/posts/pfbid02M64M4rJWVrZYY4HLSqP2XrHtyvKUdCJAppRUAK2RW3mGtuMk7UBMtCLXgofH2G1Bl,https://www.instagram.com/p/Ch3YFWgsfPI/,https://t.me/siuyeongHKAdopt/887
HKAAC,Cat,N/A,真真,https://siuyeo.ng/hkaad20220829,https://www.facebook.com/siuyeongHKAdopt/posts/pfbid0EVAizHTjEAcTGWxC1D4myunptWZpjyA5paAKg9gY85fwzgS6WZnzAtxX9C79Y9Hul,https://www.instagram.com/p/Ch0zScKjSD7/,https://t.me/siuyeongHKAdopt/886
HKHERP,Turtle,N/A,大埔,https://siuyeo.ng/hkaad20220828,https://www.facebook.com/siuyeongHKAdopt/posts/pfbid02HfJ44HmPM5q7NeNgvYaQf4S9ALobbcAt8zapfdPafYMKHHYwQQ3a7UZQLwSEwhuml,https://www.instagram.com/p/ChyOfjPPDMz/,https://t.me/siuyeongHKAdopt/885
Hong Kong Rabit Society,Rabbit,M,Arroyo,https://siuyeo.ng/hkaad20220827,https://www.facebook.com/siuyeongHKAdopt/posts/pfbid08hZim1t6ffbxhDcFriF6TAnRRf3jc5kZycubesmj1nhzGUvn7FdRAPqYJXc3iqTXl,https://www.instagram.com/p/Chvpsg2sZ1I/,https://t.me/siuyeongHKAdopt/884
Hong Kong Dog Rescue,Dog,M,Barton,https://siuyeo.ng/hkaad20220826,https://www.facebook.com/siuyeongHKAdopt/posts/pfbid02oDM4Jh3xRnLJv38TYmm6biCorQJGd85A87P4r61kNLXcfp8png7HPDhZ1pLc3b4Bl,https://www.instagram.com/p/ChtE54lL-Jv/,https://t.me/siuyeongHKAdopt/883
SPCA,Dog,M,小春,https://siuyeo.ng/hkaad20220825,https://www.facebook.com/siuyeongHKAdopt/posts/pfbid06fQ4G2LeeoaTucD83rE6xeD1qd3Tws9AgV6kEuxnojA1xZ21Qton5ANjqNTnyFiXl,https://www.instagram.com/p/ChqgHUWpaha/,https://t.me/siuyeongHKAdopt/882
Paws United Charity,Dog,F,Galen,https://siuyeo.ng/hkaad20220824,https://www.facebook.com/siuyeongHKAdopt/posts/pfbid02nDFDnQFera1VHFRwRpq169Kq3wCpgk7SEyvRN9e6KnJth6nkuFG9J331pbSWC91ml,https://www.instagram.com/p/Chn7TzcpDge/,https://t.me/siuyeongHKAdopt/881
HKSCDA,Cat,F,旺女,https://siuyeo.ng/hkaad20220823,https://www.facebook.com/siuyeongHKAdopt/posts/pfbid0R43xNYH2gRuwY9vLr8xJvWy8HcYFA6ksdudnhmhB4MHnizWojM6ZwzKBuz37L1tNl,https://www.instagram.com/p/ChlWg91lDes/,https://t.me/siuyeongHKAdopt/880
SAA,Dog,M,Gas,https://siuyeo.ng/hkaad20220822,https://www.facebook.com/siuyeongHKAdopt/posts/pfbid02UcEqdxKN1bUEzAXRKJCDkTGgbG9TpztyL4hA6oQPDVtwHwDx3PyafmUzQmq4Va2Zl,https://www.instagram.com/p/ChixuJhlIXM/,https://t.me/siuyeongHKAdopt/879
HKAAC,Cat,F,Bella,https://siuyeo.ng/hkaad20220821,https://www.facebook.com/siuyeongHKAdopt/posts/pfbid02NbK69CJL2mGy3qCmf2s5rRZYGFG6VNSY2rp4jqYigwZWPuzMKaK79TqDCdXDB5Ztl,https://www.instagram.com/p/ChgnjPgFHt3/,https://t.me/siuyeongHKAdopt/878
HKHERP,樹蜥,N/A,裕民樂,https://siuyeo.ng/hkaad20220820,https://www.facebook.com/siuyeongHKAdopt/posts/pfbid02zKTtbpW92uhviwgCNNcb8zM935vx19WhCTYActeFP8oyo3sH1cppou7vVFwi4Tgil,https://www.instagram.com/p/ChduqkPhj1N/,https://t.me/siuyeongHKAdopt/877
Hong Kong Rabit Society,Rabbit,F,Kimchi,https://siuyeo.ng/hkaad20220819,https://www.facebook.com/siuyeongHKAdopt/posts/pfbid0Qjp3hRpW5nCrgDN5j7Avotc9sY8WQKmKymQF2sGuPr9KxBbwn55EqiXcUgwaMbTrl,https://www.instagram.com/p/ChbDVw5hf0j/,https://t.me/siuyeongHKAdopt/876
Hong Kong Dog Rescue,Dog,F,Bimble,https://siuyeo.ng/hkaad20220818,https://www.facebook.com/siuyeongHKAdopt/posts/pfbid04SXUCCVpaf3XpjhQctZkFy9hzbSuvvQJD82GadDHDwVtFTkEqZqoy7Ar8tiKCDFrl,https://www.instagram.com/p/ChXSPfbFlfT/,https://t.me/siuyeongHKAdopt/875
SPCA,Dog,M,Ron,https://siuyeo.ng/hkaad20220817,https://www.facebook.com/siuyeongHKAdopt/posts/pfbid029rqB125w9uqbxpWBUFNSKCkJQHRRV3ysv14X6rgSvZ7KkbyqeK63ka43MHpeiUBzl,https://www.instagram.com/p/ChV5wF5tGBw/,https://t.me/siuyeongHKAdopt/874
Paws United Charity,Dog,M,Baffy,https://siuyeo.ng/hkaad20220816,https://www.facebook.com/siuyeongHKAdopt/posts/pfbid0mHQEJZXxKtUZesNAp1JucdtCjxojxB6aoddHEguzb3rdHC8y1McUe1b4E9UHFoKLl,https://www.instagram.com/p/ChTU8m7Fgqg/,https://t.me/siuyeongHKAdopt/873
HKSCDA,Cat,M,棉花糖,https://siuyeo.ng/hkaad20220815,https://www.facebook.com/siuyeongHKAdopt/posts/pfbid0bxbKDiSuCT1YaJyCC24EnYQe7iui42vf8KXTXagseTTvrrSdhotCXjxRuxFvEu4Dl,https://www.instagram.com/p/ChQwKaxBzLN/,https://t.me/siuyeongHKAdopt/872
SAA,Dog,F,Yu,https://siuyeo.ng/hkaad20220814,https://www.facebook.com/siuyeongHKAdopt/posts/pfbid0Mxix1r7DrpYbLb7XAtdTqJwuQcgRHgR1kDMoGsT6gbBac6J4Yq6TsJx4eKKm7ocol,https://www.instagram.com/p/ChOsRNzlTuP/,https://t.me/siuyeongHKAdopt/871
HKAAC,Cat,M,奇奇,https://siuyeo.ng/hkaad20220813,https://www.facebook.com/siuyeongHKAdopt/posts/pfbid0CBABaakV894paLgBwn71pkR8Cy5P4mqABJ9FrdoNoXxYdoc17sbGryCnrQAmp6zMl,https://www.instagram.com/p/ChMSVjWl_tn/,https://t.me/siuyeongHKAdopt/870
HKHERP,Turtle,N/A,阿燥 (PCW068),https://siuyeo.ng/hkaad20220812,https://www.facebook.com/siuyeongHKAdopt/posts/pfbid0L5QNxWLctED8MFUd6X4ZFB5iM9BkaybMugHBt7HYByQWToXnefNvoMhFt4FPFAd8l,https://www.instagram.com/p/ChJBxZDFIRc/,https://t.me/siuyeongHKAdopt/869
Hong Kong Rabit Society,Rabbit,M,Luka,https://siuyeo.ng/hkaad20220811,https://www.facebook.com/siuyeongHKAdopt/posts/pfbid02xhyXhWmrGrGmkF12hcTm66oBihCX8uCf3s4X8D63iWA5M3cXeBugAMuTGLhLJqncl,https://www.instagram.com/p/ChGc-vmpVu3/,https://t.me/siuyeongHKAdopt/868
Hong Kong Dog Rescue,Dog,F,Harper,https://siuyeo.ng/hkaad20220810,https://www.facebook.com/siuyeongHKAdopt/posts/pfbid0J9a6fGa6iUChS9dDZXP9TXQkeE2RKEmeybNSH8w7qb3sSW42zdjag9tSmM9eXwoZl,https://www.instagram.com/p/ChD4MEYtBvc/,https://t.me/siuyeongHKAdopt/867
SPCA,Dog,M,Soldier,https://siuyeo.ng/hkaad20220809,https://www.facebook.com/siuyeongHKAdopt/posts/pfbid02MFL5rQKsYF3KybGNhsYxcuN9WMc8aArKwu8UwyzQjz8ty1jduna7PSXiLHnYvc3Al,https://www.instagram.com/p/ChBP8yYuRMT/,https://t.me/siuyeongHKAdopt/866
Paws United Charity,Dog,M,Aspen,https://siuyeo.ng/hkaad20220808,https://www.facebook.com/siuyeongHKAdopt/posts/pfbid02JGn29iZm2zkwVbVmvUCr92r4ancHnoKwtYJkrFYrSKRbAbfPWg4mtERjPv8s8gAtl,https://www.instagram.com/p/Cg-rJ7cFGYu/,https://t.me/siuyeongHKAdopt/865
HKSCDA,Cat,F,Bevrly,https://siuyeo.ng/hkaad20220807,https://www.facebook.com/siuyeongHKAdopt/posts/pfbid02mn1Un5yjjJzC2La9oD1ALgTZJKaw8VtigfAvHNwfq4EDeAxLwGqeEPrrhL2PiHkgl,https://www.instagram.com/p/Cg8bB4vJaxG/,https://t.me/siuyeongHKAdopt/864
SAA,Dog,F,Timber,https://siuyeo.ng/hkaad20220806,facebook.com/siuyeongHKAdopt/posts/pfbid02PXai88PeGtpPe4tHpuqmoz8BXiiUZgUs7T4SsfNXraWus2KaV7vTBBGDGykUT1iFl,https://www.instagram.com/p/Cg5lAEVsGK0/,https://t.me/siuyeongHKAdopt/863
HKAAC,Cat,N/A,明明,https://siuyeo.ng/hkaad20220805,https://www.facebook.com/siuyeongHKAdopt/posts/pfbid0tDQ3kXQ3jtYu318WYo73sXU46R6UNdQoUM5LAUNGCfjVmkxzvTLrz2Ste42aVvtql,https://www.instagram.com/p/Cg3ANbiv1D4/,https://t.me/siuyeongHKAdopt/862
HKHERP,Turtle,N/A,史力加,https://siuyeo.ng/hkaad20220804,https://www.facebook.com/siuyeongHKAdopt/posts/pfbid02XbywERtchMZ6ieq3abSVaNUEZGMUDFGbokabXAM578xxwt9HXjcct3AAwGqRtSYUl,https://www.instagram.com/p/Cg0baVkLgkI/,https://t.me/siuyeongHKAdopt/861
Hong Kong Rabit Society,Rabbit,F,Eleven,https://siuyeo.ng/hkaad20220803,https://www.facebook.com/siuyeongHKAdopt/posts/pfbid02sky3LYw88Bxwj8qVQJr71MYWZytxtzywhuTSFFAmieFqyV9LeyBUcDhzXFQMcFzhl,https://www.instagram.com/p/CgxzMD4FXY9/,https://t.me/siuyeongHKAdopt/860
Hong Kong Dog Rescue,Dog,F,Abby,https://siuyeo.ng/hkaad20220802,https://www.facebook.com/siuyeongHKAdopt/posts/pfbid02ruGxj6tZskWmuzb47xi2xiNuWzBxEJZKPniURPdFx7KoZed4t6rmxEx8fDEJ1Fo9l,https://www.instagram.com/p/CgvOZNdpXRV/,https://t.me/siuyeongHKAdopt/859
SPCA,Cat,F,Cocktail,https://siuyeo.ng/hkaad20220801,https://www.facebook.com/siuyeongHKAdopt/posts/pfbid0NHihfMCPxphmZSj221XCqNDHaYHMiuBpJ4Kq9DPYVnqe1yufHVV3R3gA1bh3dWyrl,https://www.instagram.com/p/Cgspl4Jhw0m/,https://t.me/siuyeongHKAdopt/858
Paws United Charity,Dog,M,Dingo,https://siuyeo.ng/hkaad20220731,https://www.facebook.com/siuyeongHKAdopt/posts/pfbid02pL6PWZ18CiFZpjLrKZsuikYyn9YzqGPgKDVNRVaw8R1vyycghvY34vAZvq7ookATl,https://www.instagram.com/p/Cgqgvh-pjYG/,https://t.me/siuyeongHKAdopt/857
HKSCDA,Cat,F,Cherry BB,https://siuyeo.ng/hkaad20220730,https://www.facebook.com/siuyeongHKAdopt/posts/pfbid0Hy5fpXAKqSdEDs4j8MVhrwXLf1wQsNeKnkATBzW9kcCf4hrbPWLAnh1EhtqKVudNl,https://www.instagram.com/p/CgoI1mQJ4y8/,https://t.me/siuyeongHKAdopt/856
SAA,Dog,M,Car,https://siuyeo.ng/hkaad20220729,https://www.facebook.com/siuyeongHKAdopt/posts/pfbid04FGQTD8R8RZLuCcH6S8Kwzm1Bui8LMXVpyp6iSiqZr9TqLv2QBR8DtPB7vLrp8eJl,https://www.instagram.com/p/CglCOR1poE7/,https://t.me/siuyeongHKAdopt/855
HKAAC,Cat,F,小芙蓉,https://siuyeo.ng/hkaad20220728,https://www.facebook.com/siuyeongHKAdopt/posts/pfbid029KuvvKDzkwZfdPwyEwGCAsmTyMZiawp9ogqbnQBvWhnbhJKwPi4A1UDDqcxtxvYCl,https://www.instagram.com/p/CgibKsZphNv/,https://t.me/siuyeongHKAdopt/854
HKHERP,Turtle,N/A,史努比,https://siuyeo.ng/hkaad20220727,https://www.facebook.com/siuyeongHKAdopt/posts/pfbid02jVrid6WpyHzbAhtAHLCNNDFiaKNLSqefDPmUqGzoL2W7X82UiFhiHRyy4uUtab6Tl,https://www.instagram.com/p/Cgf3n8fJpG2/,https://t.me/siuyeongHKAdopt/852
Hong Kong Rabit Society,Rabbit,F,Melty,https://siuyeo.ng/hkaad20220726,https://www.facebook.com/siuyeongHKAdopt/posts/pfbid02TLBNRkin9Xb5GWk2ZSZaHDjpbPTg791VATh6KSW7VPFDHvnCEdCL2WCthuMEGJGYl,https://www.instagram.com/p/Cgeeu8epmYj/,https://t.me/siuyeongHKAdopt/851
Hong Kong Dog Rescue,Dog,F,Rosa,https://siuyeo.ng/hkaad20220725,https://www.facebook.com/siuyeongHKAdopt/posts/pfbid02QvAtoTsWJGwT4u3xXrerwebBREeF7MCDJFqdPfyrcVSNmVWPf4rvVCy9er8jVJcTl,https://www.instagram.com/p/CgbJTDjp1vh/,https://t.me/siuyeongHKAdopt/850
SPCA,鼠,F,Eunis,https://siuyeo.ng/hkaad20220724,https://www.facebook.com/siuyeongHKAdopt/posts/pfbid025PSiMPm5FcUz6vqkT9HtJnbwDdpEneCexgQuN8cyL1Ppoibto2m7rZSivsrfar28l,https://www.instagram.com/p/CgYiFoUphl-/,https://t.me/siuyeongHKAdopt/849
Paws United Charity,Dog,F,Mickey,https://siuyeo.ng/hkaad20220723,https://www.facebook.com/siuyeongHKAdopt/posts/pfbid02jqd7AqZdeZ8FhBGCKNKBzu7kxQWDHkmVHnPZSFnJxGoGMLKTy6Ee1ZQMBx2mmFWyl,https://www.instagram.com/p/CgV-3gWJK-w/,https://t.me/siuyeongHKAdopt/848
HKSCDA,Cat,F,台媽,https://siuyeo.ng/hkaad20220722,https://www.facebook.com/siuyeongHKAdopt/posts/pfbid0XZgZGQ4oMnKXWZKhxc2QyJ3nshUrEWFbHP92L4gCEHFTk5mNXojvetURKJazurvJl,https://www.instagram.com/p/CgUIxgZJev-/,https://t.me/siuyeongHKAdopt/847
SAA,Dog,M,Summer,https://siuyeo.ng/hkaad20220721,https://www.facebook.com/siuyeongHKAdopt/posts/pfbid02nqbPfywK2F4RtJgXvrkGr9gKNkwPBtf5gKyMsVtLwnWyBJcsrdwrefCjLfG5bja6l,https://www.instagram.com/p/CgRjZuLpzo0/,https://t.me/siuyeongHKAdopt/846
HKAAC,Cat,F,斑斑,https://siuyeo.ng/hkaad20220720,https://www.facebook.com/siuyeongHKAdopt/posts/581379983656397,https://www.instagram.com/p/CgN1105PtgX/,https://t.me/siuyeongHKAdopt/845
HKHERP,Turtle,N/A,PCW069 阿驚,https://siuyeo.ng/hkaad20220719,https://www.facebook.com/siuyeongHKAdopt/posts/580802867047442,https://www.instagram.com/p/CgLe_AbJShc/,https://t.me/siuyeongHKAdopt/844
Hong Kong Rabit Society,Rabbit,F,Fan Fan,https://siuyeo.ng/hkaad20220718,https://www.facebook.com/siuyeongHKAdopt/posts/580094743784921,https://www.instagram.com/p/CgIsGeepxWd/,https://t.me/siuyeongHKAdopt/843
Hong Kong Dog Rescue,Dog,F,Maya,https://siuyeo.ng/hkaad20220717,https://www.facebook.com/siuyeongHKAdopt/posts/pfbid02cWnu9LtRjQcYkpoW3m7SU9ueMnbZXbZHsEwujj2KbSCwrqJkDnagJpkUaBwfbqrEl,https://www.instagram.com/p/CgGe2OpJ7La/,https://t.me/siuyeongHKAdopt/842
SPCA,Cat,M,Captain,https://siuyeo.ng/hkaad20220716,https://www.facebook.com/siuyeongHKAdopt/posts/578763710584691,https://www.instagram.com/p/CgDkMdWJedB/,https://t.me/siuyeongHKAdopt/841
Paws United Charity,Dog,F,Goof,https://siuyeo.ng/hkaad20220715,https://www.facebook.com/siuyeongHKAdopt/posts/578004813993914,https://www.instagram.com/p/CgBBjxWpSCB/,https://t.me/siuyeongHKAdopt/840
HKSCDA,Cat,F,小巴,https://siuyeo.ng/hkaad20220714,https://www.facebook.com/siuyeongHKAdopt/posts/577333444061051,https://www.instagram.com/p/Cf-iGfqJaHn/,https://t.me/siuyeongHKAdopt/839
SAA,Dog,F,Chocolate,https://siuyeo.ng/hkaad20220713,https://www.facebook.com/siuyeongHKAdopt/posts/576576720803390,https://www.instagram.com/p/Cf74LdhJpym/,https://t.me/siuyeongHKAdopt/838
HKAAC,Dog,M,巴士,https://siuyeo.ng/hkaad20220712,https://www.facebook.com/siuyeongHKAdopt/posts/575890880871974,https://www.instagram.com/p/Cf5R2RlJKKn/,https://t.me/siuyeongHKAdopt/837
HKHERP,Turtle,N/A,PCW031 凡高,https://siuyeo.ng/hkaad20220711,https://www.facebook.com/siuyeongHKAdopt/posts/575245297603199,https://www.instagram.com/p/Cf2uRgDpf9z/,https://t.me/siuyeongHKAdopt/836
Hong Kong Rabit Society,Rabbit,M,Vodka,https://siuyeo.ng/hkaad20220710,https://www.facebook.com/siuyeongHKAdopt/posts/pfbid0YqimHHBVCRFGbybZtDtEvqqBdABgMFpCJqkdgG33zVZrGaXkhcRNSmvo7Gd3jDNdl,https://www.instagram.com/p/Cfz4Uazv_U1/,https://t.me/siuyeongHKAdopt/835
Hong Kong Dog Rescue,Dog,M,Sidney,https://siuyeo.ng/hkaad20220709,https://www.facebook.com/siuyeongHKAdopt/posts/pfbid0CH34oUSao9ByCgtidzGnSDwyw6EyrWtdsYmiusvLC8REebhTBKNcoE1TM45ks14nl,https://www.instagram.com/p/Cfx4qr_J8hX/,https://t.me/siuyeongHKAdopt/834
SPCA,Rabbit,M,Lam Lam,https://siuyeo.ng/hkaad20220708,https://www.facebook.com/siuyeongHKAdopt/posts/573079187819810,https://www.instagram.com/p/Cfu-sNmpizB/,https://t.me/siuyeongHKAdopt/833
Paws United Charity,Dog,M,Channing,https://siuyeo.ng/hkaad20220707,https://www.facebook.com/siuyeongHKAdopt/posts/572415727886156,https://www.instagram.com/p/Cfsdjp2J2Ef/,https://t.me/siuyeongHKAdopt/832
HKSCDA,Cat,F,希希,https://siuyeo.ng/hkaad20220706,https://www.facebook.com/siuyeongHKAdopt/posts/571773541283708,https://www.instagram.com/p/Cfp5KaDJSCY/,https://t.me/siuyeongHKAdopt/831
SAA,Dog,M,Tigger,https://siuyeo.ng/hkaad20220705,https://www.facebook.com/siuyeongHKAdopt/posts/571139438013785,https://www.instagram.com/p/CfnTQYCJLu4/,https://t.me/siuyeongHKAdopt/830
HKAAC,Dog,F,皇后,https://siuyeo.ng/hkaad20220704,https://www.facebook.com/siuyeongHKAdopt/posts/pfbid02p2phN4j7J6d4n5qnrCwL6xCAEXxtoFi5oSnHvkR3Qt92LVeDK9EVqmKqusQ1GRQ6l,https://www.instagram.com/p/CfkoLV4JC9C/,https://t.me/siuyeongHKAdopt/829
HKHERP,Turtle,N/A,光波爐 (PCW059),https://siuyeo.ng/hkaad20220703,https://www.facebook.com/siuyeongHKAdopt/posts/pfbid0cawDL2xDLCUni1AxMFiPusYQ4jcWCEYcc8uvMWrfQqSBb4njLZH5TFGtU8AT6cEgl,https://www.instagram.com/p/CfimKlLJmR3/,https://t.me/siuyeongHKAdopt/828
Hong Kong Rabit Society,Rabbit,F,Costa,https://siuyeo.ng/hkaad20220702,https://www.facebook.com/siuyeongHKAdopt/posts/pfbid0oy7KWh3deUhvyHqTtsFTCU4ZKFVhjhWei1ijFkHrveNXKG61gd2sgSYWFFi2WXGrl,https://www.instagram.com/p/CffsC6upmGn/,https://t.me/siuyeongHKAdopt/827
Hong Kong Dog Rescue,Dog,M,Lucas,https://siuyeo.ng/hkaad20220701,https://www.facebook.com/siuyeongHKAdopt/posts/568492821611780,https://www.instagram.com/p/Cfc6lHnpEYW/,https://t.me/siuyeongHKAdopt/826
SPCA,Dog,M,Mosby,https://siuyeo.ng/hkaad20220630,https://www.facebook.com/siuyeongHKAdopt/posts/567830385011357,https://www.instagram.com/p/Cfacue2pYjA/,https://t.me/siuyeongHKAdopt/825
Paws United Charity,Dog,M,Caiden,https://siuyeo.ng/hkaad20220629,https://www.facebook.com/siuyeongHKAdopt/posts/567130505081345,https://www.instagram.com/p/CfX617AJb8l/,https://t.me/siuyeongHKAdopt/824
HKSCDA,Cat,M,陽春麵,https://siuyeo.ng/hkaad20220628,https://www.facebook.com/siuyeongHKAdopt/posts/566269381834124,https://www.instagram.com/p/CfVTOerJb55/,https://t.me/siuyeongHKAdopt/823
SAA,Dog,F,Cat,https://siuyeo.ng/hkaad20220627,https://www.facebook.com/siuyeongHKAdopt/posts/565609031900159,https://www.instagram.com/p/CfSrmpbJIwu/,https://t.me/siuyeongHKAdopt/822
HKAAC,Dog,F,檸檬,https://siuyeo.ng/hkaad20220626,https://www.facebook.com/siuyeongHKAdopt/posts/pfbid02n3AYd64mkr3c2ubGV9WfhNzxGks1Wvys1Bn9ENHLzPcjBkuHaViVmhZAfZhKDeZJl,https://www.instagram.com/p/CfQNZM8py3K/,https://t.me/siuyeongHKAdopt/821
HKHERP,Turtle,N/A,添麥肥,https://siuyeo.ng/hkaad20220625,https://www.facebook.com/siuyeongHKAdopt/posts/564300108697718,https://www.instagram.com/p/CfNifmCpqGU/,https://t.me/siuyeongHKAdopt/820
Hong Kong Rabit Society,Rabbit,F,Victoria,https://siuyeo.ng/hkaad20220624,https://www.facebook.com/siuyeongHKAdopt/posts/563652492095813,https://www.instagram.com/p/CfK-9vepUc3/,https://t.me/siuyeongHKAdopt/819
Hong Kong Dog Rescue,Dog,M,Mack,https://siuyeo.ng/hkaad20220623,https://www.facebook.com/siuyeongHKAdopt/posts/563031568824572,https://www.instagram.com/p/CfIjsOjpf6S/,https://t.me/siuyeongHKAdopt/818
SPCA,Dog,F,Mimi,https://siuyeo.ng/hkaad20220622,https://www.facebook.com/siuyeongHKAdopt/posts/562286938899035,https://www.instagram.com/p/CfF0uOyp6ia/,https://t.me/siuyeongHKAdopt/817
Paws United Charity,Dog,F,Atlas,https://siuyeo.ng/hkaad20220621,https://www.facebook.com/siuyeongHKAdopt/posts/561643602296702,https://www.instagram.com/p/CfDOyfPpbMa/,https://t.me/siuyeongHKAdopt/816
HKSCDA,Cat,F,豆漿,https://siuyeo.ng/hkaad20220620,https://www.facebook.com/siuyeongHKAdopt/posts/561030932357969,https://www.instagram.com/p/CfAvVbyJuiG/,https://t.me/siuyeongHKAdopt/815
SAA,Dog,F,Tart,https://siuyeo.ng/hkaad20220619,https://www.facebook.com/siuyeongHKAdopt/posts/pfbid0GzNtedurgAm8gvdXZfW7drWo68o6zTcNDVPpyF8qnkDPwuByDk4SWda6izDpxE5Kl,https://www.instagram.com/p/Ce-O9GEJp5k/,https://t.me/siuyeongHKAdopt/814
HKAAC,Dog,M,多比,https://siuyeo.ng/hkaad20220618,https://www.facebook.com/siuyeongHKAdopt/posts/559620599165669,https://www.instagram.com/p/Ce7bvp4ppcT/,https://t.me/siuyeongHKAdopt/813
HKHERP,Turtle,N/A,七號,https://siuyeo.ng/hkaad20220617,https://www.facebook.com/siuyeongHKAdopt/posts/558983295896066,https://www.instagram.com/p/Ce4_w5nh00I/,https://t.me/siuyeongHKAdopt/812
Hong Kong Rabit Society,Rabbit,F,Aurora,https://siuyeo.ng/hkaad20220616,https://www.facebook.com/siuyeongHKAdopt/posts/558241759303553,https://www.instagram.com/p/Ce2UTiEpnnr/,https://t.me/siuyeongHKAdopt/811
Hong Kong Dog Rescue,Dog,F,Jessie,https://siuyeo.ng/hkaad20220615,https://www.facebook.com/siuyeongHKAdopt/posts/557555546038841,https://www.instagram.com/p/Cezv_ZqJjL4/,https://t.me/siuyeongHKAdopt/810
SPCA,Cat,F,Mo Mo,https://siuyeo.ng/hkaad20220614,https://www.facebook.com/siuyeongHKAdopt/posts/556960516098344,https://www.instagram.com/p/CexVOv1p59J/,https://t.me/siuyeongHKAdopt/809
Paws United Charity,Dog,M,Sailor,https://siuyeo.ng/hkaad20220613,https://www.facebook.com/siuyeongHKAdopt/posts/pfbid02PBTQvfpmAiTKw1R4Jwxg4ZSWrNVS2SnyHoDNtNQJ6sjwL4dvN8XKfBAbfe1APuDSl,https://www.instagram.com/p/CeujkIcpsop/,https://t.me/siuyeongHKAdopt/808
HKSCDA,Cat,M,阿希,https://siuyeo.ng/hkaad20220612,https://www.facebook.com/siuyeongHKAdopt/posts/pfbid02F3ZPpwcbgWddTv9MCppLqgivRCoXi5BG8uoJYR9971RMaqZMzpvZUG5UQ4GcLE31l,https://www.instagram.com/p/CesbsiBJ35e/,https://t.me/siuyeongHKAdopt/807
SAA,Dog,F,Pie,https://siuyeo.ng/hkaad20220611,https://www.facebook.com/siuyeongHKAdopt/posts/554877336306662,https://www.instagram.com/p/CepZ_nxp1vK/,https://t.me/siuyeongHKAdopt/806
HKAAC,Dog,F,日元,https://siuyeo.ng/hkaad20220610,https://www.facebook.com/siuyeongHKAdopt/posts/554324616361934,https://www.instagram.com/p/CenOvm1pCQN/,https://t.me/siuyeongHKAdopt/805
HKHERP,Turtle,M,華俊,https://siuyeo.ng/hkaad20220609,https://www.facebook.com/siuyeongHKAdopt/posts/553636576430738,https://www.instagram.com/p/CekeN7yJGRU/,https://t.me/siuyeongHKAdopt/804
Hong Kong Rabit Society,Rabbit,F,Habe,https://siuyeo.ng/hkaad20220608,https://www.facebook.com/siuyeongHKAdopt/posts/552961849831544,https://www.instagram.com/p/Ceh5JMcJmBM/,https://t.me/siuyeongHKAdopt/803
Hong Kong Dog Rescue,Dog,M,Kellogg,https://siuyeo.ng/hkaad20220607,https://www.facebook.com/siuyeongHKAdopt/posts/552297846564611,https://www.instagram.com/p/CefVXqsJTDK/,https://t.me/siuyeongHKAdopt/802
SPCA,Cat,M,Binx,https://siuyeo.ng/hkaad20220606,https://www.facebook.com/siuyeongHKAdopt/posts/551664779961251,https://www.instagram.com/p/CecveEQJqZ9/,https://t.me/siuyeongHKAdopt/801
Paws United Charity,Dog,M,Trace,https://siuyeo.ng/hkaad20220605,https://www.facebook.com/siuyeongHKAdopt/posts/pfbid02g3s9826e31HPfEtBum7yCeHL8ezAWCgSP68C2ddib9TKDFSKjd3Uh9P1LsuK4od7l,https://www.instagram.com/p/CeaT7AaJlr-/,https://t.me/siuyeongHKAdopt/800
HKSCDA,Cat,F,仙草,https://siuyeo.ng/hkaad20220604,https://www.facebook.com/siuyeongHKAdopt/posts/pfbid02VBcXXBtAaGNHx4GLvf1yaqEPFGvjdC7yXYmYUjtEHpPUwQXrraJKV99fz3bYJ7Ril,https://www.instagram.com/p/CeYEMdEptCt/,https://t.me/siuyeongHKAdopt/799
SAA,Dog,M,Win Win,https://siuyeo.ng/hkaad20220603,https://www.facebook.com/siuyeongHKAdopt/posts/pfbid0jstXXZTKKkBuS3zEFLXhi2eezpxiLsCZwjAgwH9PxZdjXrm2fRP6JgHsaoV6kTtgl,https://www.instagram.com/p/CeVM5KXJMkY/,https://t.me/siuyeongHKAdopt/798
HKAAC,Dog,M,華仔,https://siuyeo.ng/hkaad20220602,https://www.facebook.com/siuyeongHKAdopt/posts/549095136884882,https://www.instagram.com/p/CeSaD-yp6gG/,https://t.me/siuyeongHKAdopt/797
HKHERP,Frog,N/A,大口仔,https://siuyeo.ng/hkaad20220601,https://www.facebook.com/siuyeongHKAdopt/posts/548456080282121,https://www.instagram.com/p/CeP5pMiJMTk/,https://t.me/siuyeongHKAdopt/796
Hong Kong Rabit Society,Rabbit,M,Aiden,https://siuyeo.ng/hkaad20220531,https://www.facebook.com/siuyeongHKAdopt/posts/547781023682960,https://www.instagram.com/p/CeNRowgJCGL/,https://t.me/siuyeongHKAdopt/795
Hong Kong Dog Rescue,Dog,M,Minstrel,https://siuyeo.ng/hkaad20220530,https://www.facebook.com/siuyeongHKAdopt/posts/547073677087028,https://www.instagram.com/p/CeKx88WJnQC/,https://t.me/siuyeongHKAdopt/794
SPCA,Cat,F,Grey,https://siuyeo.ng/hkaad20220529,https://www.facebook.com/siuyeongHKAdopt/posts/546412533819809,https://www.instagram.com/p/CeIh6gKplSE/,https://t.me/siuyeongHKAdopt/793
Paws United Charity,Dog,M,Colby,https://siuyeo.ng/hkaad20220528,https://www.facebook.com/siuyeongHKAdopt/posts/pfbid035ZMD5yZrLL21fwgobC7taYZap5KZt4GwsDbrXFKGdiT61v8W4SsYUszbvXtQyMial,https://www.instagram.com/p/CeGEJAzpByv/,https://t.me/siuyeongHKAdopt/792
HKSCDA,Cat,M,牛奶,https://siuyeo.ng/hkaad20220527,https://www.facebook.com/siuyeongHKAdopt/posts/545001310627598,https://www.instagram.com/p/CeDNpeHpnm8/,https://t.me/siuyeongHKAdopt/791
SAA,Dog,M,十仔,https://siuyeo.ng/hkaad20220526,https://www.facebook.com/siuyeongHKAdopt/posts/544312254029837,https://www.instagram.com/p/CeAgJNPJmDi/,https://t.me/siuyeongHKAdopt/790
HKAAC,Dog,M,霆鋒,https://siuyeo.ng/hkaad20220525,https://www.facebook.com/siuyeongHKAdopt/posts/543636214097441,https://www.instagram.com/p/Cd94OV4JG4v/,https://t.me/siuyeongHKAdopt/789
HKHERP,Turtle,N/A,Benita,https://siuyeo.ng/hkaad20220524,https://www.facebook.com/siuyeongHKAdopt/posts/543004290827300,https://www.instagram.com/p/Cd7VUZfpzKx/,https://t.me/siuyeongHKAdopt/788
Hong Kong Rabit Society,Rabbit,M,Bengie,https://siuyeo.ng/hkaad20220523,https://www.facebook.com/siuyeongHKAdopt/posts/542390744221988,https://www.instagram.com/p/Cd45hYIJR9a/,https://t.me/siuyeongHKAdopt/787
Hong Kong Dog Rescue,Dog,F,Maya,https://siuyeo.ng/hkaad20220522,https://www.facebook.com/siuyeongHKAdopt/posts/541683387626057,https://www.instagram.com/p/Cd2Plibp6Yk/,https://t.me/siuyeongHKAdopt/786
SPCA,Dog,F,Gigi,https://siuyeo.ng/hkaad20220521,https://www.facebook.com/siuyeongHKAdopt/posts/540963524364710,https://www.instagram.com/p/Cdza1aPpqFI/,https://t.me/siuyeongHKAdopt/785
Paws United Charity,Dog,M,Mason,https://siuyeo.ng/hkaad20220520,https://www.facebook.com/siuyeongHKAdopt/posts/540295887764807,https://www.instagram.com/p/CdxCkayp-r6/,https://t.me/siuyeongHKAdopt/784
HKSCDA,Cat,F,元宵,https://siuyeo.ng/hkaad20220519,https://www.facebook.com/siuyeongHKAdopt/posts/539674011160328,https://www.instagram.com/p/CdutivJp6mJ/,https://t.me/siuyeongHKAdopt/782
SAA,Dog,M,九仔,https://siuyeo.ng/hkaad20220518,https://www.facebook.com/siuyeongHKAdopt/posts/538969761230753,https://www.instagram.com/p/Cdr40sPp-lZ/,https://t.me/siuyeongHKAdopt/780
HKAAC,Dog,F,妙妙,https://siuyeo.ng/hkaad20220517,https://www.facebook.com/siuyeongHKAdopt/posts/538350257959370,https://www.instagram.com/p/CdpUD24pEKb/,https://t.me/siuyeongHKAdopt/778
HKHERP,Turtle,N/A,豆釘,https://siuyeo.ng/hkaad20220516,https://www.facebook.com/siuyeongHKAdopt/posts/537675501360179,https://www.instagram.com/p/CdmpAb-JT_S/,https://t.me/siuyeongHKAdopt/777
Hong Kong Rabit Society,Rabbit,M,Alston,https://siuyeo.ng/hkaad20220515,https://www.facebook.com/siuyeongHKAdopt/posts/537112904749772,https://www.instagram.com/p/CdkhkLKJKNV/,https://t.me/siuyeongHKAdopt/776
Hong Kong Dog Rescue,Dog,F,Aston,https://siuyeo.ng/hkaad20220514,https://www.facebook.com/siuyeongHKAdopt/posts/536501791477550,https://www.instagram.com/p/CdiLdHepOfL/,https://t.me/siuyeongHKAdopt/775
SPCA,Dog,M,Dau Dau,https://siuyeo.ng/hkaad20220513,https://www.facebook.com/siuyeongHKAdopt/posts/535672144893848,https://www.instagram.com/p/Cde-_-TJZFY/,https://t.me/siuyeongHKAdopt/773
Paws United Charity,Cat,F,Palma,https://siuyeo.ng/hkaad20220512,https://www.facebook.com/siuyeongHKAdopt/posts/535014534959609,https://www.instagram.com/p/CdcY3wFpD91/,https://t.me/siuyeongHKAdopt/772
HKSCDA,Cat,F,Fanny,https://siuyeo.ng/hkaad20220511,https://www.facebook.com/siuyeongHKAdopt/posts/534397145021348,https://www.instagram.com/p/CdaHeHdJ8VP/,https://t.me/siuyeongHKAdopt/771
SAA,Dog,F,八妹,https://siuyeo.ng/hkaad20220510,https://www.facebook.com/siuyeongHKAdopt/posts/533747601752969,https://www.instagram.com/p/CdXjDzVJC3R/,https://t.me/siuyeongHKAdopt/770
HKAAC,Dog,M,黑啤啤,https://siuyeo.ng/hkaad20220509,https://www.facebook.com/siuyeongHKAdopt/posts/533078618486534,https://www.instagram.com/p/CdU_rLvp0Qi/,https://t.me/siuyeongHKAdopt/769
HKHERP,Turtle,N/A,電磁爐 (PCW055),https://siuyeo.ng/hkaad20220508,https://www.facebook.com/siuyeongHKAdopt/posts/532360438558352,https://www.instagram.com/p/CdSYwktpLrP/,https://t.me/siuyeongHKAdopt/768
Hong Kong Rabit Society,Rabbit,F,Deona,https://siuyeo.ng/hkaad20220507,https://www.facebook.com/siuyeongHKAdopt/posts/531757525285310,https://www.instagram.com/p/CdQK-2Dpu5U/,https://t.me/siuyeongHKAdopt/767
Hong Kong Dog Rescue,Dog,M,Marlon,https://siuyeo.ng/hkaad20220506,https://www.facebook.com/siuyeongHKAdopt/posts/531000218694374,https://www.instagram.com/p/CdNJ2xuJ9Ih/,https://t.me/siuyeongHKAdopt/766
SPCA,Dog,M,Butter,https://siuyeo.ng/hkaad20220505,https://www.facebook.com/siuyeongHKAdopt/posts/530431622084567,https://www.instagram.com/p/CdK4eXJp-sv/,https://t.me/siuyeongHKAdopt/765
Paws United Charity,Cat,M,Raven,https://siuyeo.ng/hkaad20220504,https://www.facebook.com/siuyeongHKAdopt/posts/529646422163087,https://www.instagram.com/p/CdIAfxApqv1/,https://t.me/siuyeongHKAdopt/764
HKSCDA,Cat,M,坪坪,https://siuyeo.ng/hkaad20220503,https://www.facebook.com/siuyeongHKAdopt/posts/528921098902286,https://www.instagram.com/p/CdFZzXMJ3jz/,https://t.me/siuyeongHKAdopt/763
SAA,Dog,F,Bella,https://siuyeo.ng/hkaad20220502,https://www.facebook.com/siuyeongHKAdopt/posts/528184515642611,https://www.instagram.com/p/CdC0ZpuJbjX/,https://t.me/siuyeongHKAdopt/761
HKAAC,Dog,M,大BB,https://siuyeo.ng/hkaad20220501,https://www.facebook.com/siuyeongHKAdopt/posts/527586472369082,https://www.instagram.com/p/CdAhUz9Jkun/,https://t.me/siuyeongHKAdopt/760
HKHERP,Turtle,N/A,煤氣爐 (PCW057),https://siuyeo.ng/hkaad20220430,https://www.facebook.com/siuyeongHKAdopt/posts/526973565763706,https://www.instagram.com/p/Cc-Kfnip3vu/,https://t.me/siuyeongHKAdopt/759
Hong Kong Rabit Society,Rabbit,M,Chess,https://siuyeo.ng/hkaad20220429,https://www.facebook.com/siuyeongHKAdopt/posts/526197592507970,https://www.instagram.com/p/Cc7CYZGPW90/,https://t.me/siuyeongHKAdopt/758
Hong Kong Dog Rescue,Dog,F,Dido,https://siuyeo.ng/hkaad20220428,https://www.facebook.com/siuyeongHKAdopt/posts/525455349248861,https://www.instagram.com/p/Cc4AODUPe0t/,https://t.me/siuyeongHKAdopt/757
SPCA,Dog,M,Dylan,https://siuyeo.ng/hkaad20220427,https://www.facebook.com/siuyeongHKAdopt/posts/524938589300537,https://www.instagram.com/p/Cc105vppebf/,https://t.me/siuyeongHKAdopt/756
Paws United Charity,Dog,F,Candy,https://siuyeo.ng/hkaad20220426,https://www.facebook.com/siuyeongHKAdopt/posts/524343116026751,https://www.instagram.com/p/CczbHclJNai/,https://t.me/siuyeongHKAdopt/755
HKSCDA,Cat,M,西籣花,https://siuyeo.ng/hkaad20220425,https://www.facebook.com/siuyeongHKAdopt/posts/523694852758244,https://www.instagram.com/p/CcwsxMPpxsj/,https://t.me/siuyeongHKAdopt/754
SAA,Dog,F,Bell,https://siuyeo.ng/hkaad20220424,https://www.facebook.com/siuyeongHKAdopt/posts/523078336153229,https://www.instagram.com/p/CcuN6UPpt4H/,https://t.me/siuyeongHKAdopt/753
HKAAC,Dog,F,Bee Bee,https://siuyeo.ng/hkaad20220423,https://www.facebook.com/siuyeongHKAdopt/posts/522420499552346,https://www.instagram.com/p/CcriXgopaEk/,https://t.me/siuyeongHKAdopt/752
HKHERP,Turtle,N/A,六十七,https://siuyeo.ng/hkaad20220422,https://www.facebook.com/siuyeongHKAdopt/posts/521806942947035,https://www.instagram.com/p/CcpG0FxJGgH/,https://t.me/siuyeongHKAdopt/751
Hong Kong Rabit Society,Rabbit,F,Sugus,https://siuyeo.ng/hkaad20220421,https://www.facebook.com/siuyeongHKAdopt/posts/521083699686026,https://www.instagram.com/p/CcmhnHBJKNw/,https://t.me/siuyeongHKAdopt/750
Hong Kong Dog Rescue,Dog,M,Barlow,https://siuyeo.ng/hkaad20220420,https://www.facebook.com/siuyeongHKAdopt/posts/520480916412971,https://www.instagram.com/p/Ccj_7aTp5bV/,https://t.me/siuyeongHKAdopt/749
SPCA,Cat,M,Siu Fu,https://siuyeo.ng/hkaad20220419,https://www.facebook.com/siuyeongHKAdopt/posts/519871586473904,https://www.instagram.com/p/CchcUymP2-e/,https://t.me/siuyeongHKAdopt/748
Paws United Charity,Dog,F,Deven,https://siuyeo.ng/hkaad20220418,https://www.facebook.com/siuyeongHKAdopt/posts/519235976537465,https://www.instagram.com/p/Cceyr1GPXLu/,https://t.me/siuyeongHKAdopt/747
HKSCDA,Cat,M,波士,https://siuyeo.ng/2vDu,https://www.facebook.com/siuyeongHKAdopt/posts/518523326608730,https://www.instagram.com/p/Ccb_W3WPlU6/,https://t.me/siuyeongHKAdopt/746
SAA,Dog,F,Moby,https://siuyeo.ng/FvWW,https://www.facebook.com/siuyeongHKAdopt/posts/517945379999858,https://www.instagram.com/p/CcZs4ZmvWK_/,https://t.me/siuyeongHKAdopt/745
HKAAC,Dog,F,Macy,https://siuyeo.ng/XvhC,https://www.facebook.com/siuyeongHKAdopt/posts/517341780060218,https://www.instagram.com/p/CcXUaL2va5H/,https://t.me/siuyeongHKAdopt/744
HKHERP,Turtle,N/A,光波爐(PCW059),https://siuyeo.ng/ivyK,https://www.facebook.com/siuyeongHKAdopt/posts/516663630128033,https://www.instagram.com/p/CcUlaANPLQg/,https://t.me/siuyeongHKAdopt/743
Hong Kong Rabit Society,Rabbit,F,Sica,https://siuyeo.ng/Ovqa,https://www.facebook.com/siuyeongHKAdopt/posts/515985113529218,https://www.instagram.com/p/CcSAl6EvWt6/,https://t.me/siuyeongHKAdopt/742
Hong Kong Dog Rescue,Dog,F,Charlotte,https://siuyeo.ng/Jc9t,https://www.facebook.com/siuyeongHKAdopt/posts/515351856925877,https://www.instagram.com/p/CcPReS7PnRc/,https://t.me/siuyeongHKAdopt/741
SPCA,Dog,M,Flash,https://siuyeo.ng/IcBc,https://www.facebook.com/siuyeongHKAdopt/posts/514743956986667,https://www.instagram.com/p/CcM1aVLvdu5/,https://t.me/siuyeongHKAdopt/740
Paws United Charity,Dog,F,Luella,https://siuyeo.ng/icZd,https://www.facebook.com/siuyeongHKAdopt/posts/514106570383739,https://www.instagram.com/p/CcKXKeVvqiI/,https://t.me/siuyeongHKAdopt/739
HKSCDA,Cat,M,旭日,https://siuyeo.ng/EcFp,https://www.facebook.com/siuyeongHKAdopt/posts/513514230442973,https://www.instagram.com/p/CcIE9o0P6Wa/,https://t.me/siuyeongHKAdopt/738
SAA,Dog,M,Harley,https://siuyeo.ng/WcRA,https://zh-tw.facebook.com/siuyeongHKAdopt/posts/512741797186883,https://www.instagram.com/p/CcE8coxr797/,https://t.me/siuyeongHKAdopt/737
HKAAC,Dog,F,懵懵,https://siuyeo.ng/DcmV,https://www.facebook.com/siuyeongHKAdopt/posts/512098157251247,https://www.instagram.com/p/CcCdi8BLYgJ/,https://t.me/siuyeongHKAdopt/736
HKHERP,Turtle,N/A,過馬路,https://siuyeo.ng/sclf,https://www.facebook.com/siuyeongHKAdopt/posts/511471553980574,https://www.instagram.com/p/Cb_9DvCLanF/,https://t.me/siuyeongHKAdopt/735
Hong Kong Rabit Society,Rabbit,M,Burrito,https://siuyeo.ng/wciF,https://www.facebook.com/siuyeongHKAdopt/posts/510804397380623,https://www.instagram.com/p/Cb9UuFypwoA/,https://t.me/siuyeongHKAdopt/734
Hong Kong Dog Rescue,Dog,M,Tarmac,https://siuyeo.ng/fcql,https://www.facebook.com/siuyeongHKAdopt/posts/510157270778669,https://www.instagram.com/p/Cb6wZkyp78d/,https://t.me/siuyeongHKAdopt/733
SPCA,Dog,M,GuBa,https://siuyeo.ng/Jx3o,https://www.facebook.com/siuyeongHKAdopt/posts/509544857506577,https://www.instagram.com/p/Cb4K99tuv9Y/,https://t.me/siuyeongHKAdopt/732
Paws United Charity,Dog,M,Seymour,https://siuyeo.ng/8xNu,https://www.facebook.com/siuyeongHKAdopt/posts/508892520905144,https://www.instagram.com/p/Cb13-OxJlPp/,https://t.me/siuyeongHKAdopt/731
HKSCDA,Cat,M,Freeman,https://siuyeo.ng/KxKV,https://www.facebook.com/siuyeongHKAdopt/posts/508167267644336,https://www.instagram.com/p/CbzEr-aumwx/,https://t.me/siuyeongHKAdopt/730
SAA,Dog,F,Freda,https://siuyeo.ng/yxSd,https://www.facebook.com/siuyeongHKAdopt/posts/507548891039507,https://www.instagram.com/p/CbwfsIRJjm3/,https://t.me/siuyeongHKAdopt/729
HKAAC,Dog,M,懞豬仔,https://siuyeo.ng/BxUf,https://www.facebook.com/siuyeongHKAdopt/posts/506896371104759,https://www.instagram.com/p/Cbt37s6Jpc6/,https://t.me/siuyeongHKAdopt/728
HKHERP,Turtle,N/A,要小心,https://siuyeo.ng/LxQ3,https://www.facebook.com/siuyeongHKAdopt/posts/506174011176995,https://www.instagram.com/p/CbrHu1ULHDa/,https://t.me/siuyeongHKAdopt/727
Hong Kong Rabit Society,Rabbit,M,Long Long,https://siuyeo.ng/bxjy,https://www.facebook.com/siuyeongHKAdopt/posts/505596077901455,https://www.instagram.com/p/CbotvyypvP9/,https://t.me/siuyeongHKAdopt/726
Hong Kong Dog Rescue,Dog,M,Gobi,https://siuyeo.ng/vxoS,https://www.facebook.com/siuyeongHKAdopt/posts/505002331294163,https://www.instagram.com/p/CbmPm7EpInT/,https://t.me/siuyeongHKAdopt/725
SPCA,倉鼠,M,Gary,https://siuyeo.ng/BxqJ,https://www.facebook.com/siuyeongHKAdopt/posts/504436254684104,https://www.instagram.com/p/Cbj9G3zrGjK/,https://t.me/siuyeongHKAdopt/724
Paws United Charity,Dog,M,Abbott,https://siuyeo.ng/dz26,https://www.facebook.com/siuyeongHKAdopt/posts/503697684757961,https://www.instagram.com/p/CbhHH61ufKo/,https://t.me/siuyeongHKAdopt/723
HKSCDA,Cat,M,長毛小浮,https://siuyeo.ng/nzC3,https://www.facebook.com/siuyeongHKAdopt/posts/503062944821435,https://www.instagram.com/p/CbegBxquHhL/,https://t.me/siuyeongHKAdopt/722
SAA,Dog,F,Leah,https://siuyeo.ng/lzST,https://www.facebook.com/siuyeongHKAdopt/posts/502435264884203,https://www.instagram.com/p/Cbb35Fvp8eF/,https://t.me/siuyeongHKAdopt/721
HKAAC,Dog,F,咕咕,https://siuyeo.ng/CzQ6,https://www.facebook.com/siuyeongHKAdopt/posts/501819331612463,https://www.instagram.com/p/CbZTqpOLPD9/,https://t.me/siuyeongHKAdopt/720
HKHERP,Turtle,N/A,電磁爐 (PCW055),https://siuyeo.ng/4zxY,https://www.facebook.com/siuyeongHKAdopt/posts/501144965013233,https://www.instagram.com/p/CbW1vzyrtoF/,https://t.me/siuyeongHKAdopt/719
Hong Kong Rabit Society,Rabbit,F,Mioggi,https://siuyeo.ng/Zzp8,https://www.facebook.com/siuyeongHKAdopt/posts/500523015075428,https://www.instagram.com/p/CbUTbd4OAQw/,https://t.me/siuyeongHKAdopt/718
Hong Kong Dog Rescue,Dog,F,Red Bean,https://siuyeo.ng/Kzwn,https://www.facebook.com/siuyeongHKAdopt/posts/499894631804933,https://www.instagram.com/p/CbRtWE3u1zb/,https://t.me/siuyeongHKAdopt/717
SPCA,Dog,F,Wu Tsui,https://siuyeo.ng/Ll0r,https://www.facebook.com/siuyeongHKAdopt/posts/499158461878550,https://www.instagram.com/p/CbPFbfcJAdF/,https://t.me/siuyeongHKAdopt/716
Paws United Charity,Dog,F,Glow,https://siuyeo.ng/plCL,https://www.facebook.com/siuyeongHKAdopt/posts/498489548612108,https://www.instagram.com/p/CbMdY2GO0-s/,https://t.me/siuyeongHKAdopt/715
HKSCDA,Cat,F,薯妹,https://siuyeo.ng/llFQ,https://www.facebook.com/siuyeongHKAdopt/posts/497792465348483,https://www.instagram.com/p/CbJ5kiCuWyn/,https://t.me/siuyeongHKAdopt/714
SAA,Dog,F,框框,https://siuyeo.ng/dlmZ,https://www.facebook.com/siuyeongHKAdopt/posts/497141632080233,https://www.instagram.com/p/CbHLgMgJWMV/,https://t.me/siuyeongHKAdopt/713
HKAAC,Dog,M,叻仔,https://siuyeo.ng/9lar,https://www.facebook.com/siuyeongHKAdopt/posts/496538192140577,https://www.instagram.com/p/CbEmATRJiYL/,https://t.me/siuyeongHKAdopt/712
HKHERP,Turtle,N/A,微波爐 (PCW054),https://siuyeo.ng/ylrQ,https://www.facebook.com/siuyeongHKAdopt/posts/495932778867785,https://www.instagram.com/p/CbCExC5upGn/,https://t.me/siuyeongHKAdopt/711
Hong Kong Rabit Society,Rabbit,M,Noodles,https://siuyeo.ng/Hk30,https://www.facebook.com/siuyeongHKAdopt/posts/495298732264523,https://www.instagram.com/p/Ca_cknCu6oL/,https://t.me/siuyeongHKAdopt/710
Hong Kong Dog Rescue,Dog,M,Daniel,https://siuyeo.ng/FkNr,https://www.facebook.com/siuyeongHKAdopt/posts/494689315658798,https://www.instagram.com/p/Ca89BWeJxuw/,https://t.me/siuyeongHKAdopt/709
SPCA,Dog,M,Burgh,https://siuyeo.ng/FkKU,https://www.facebook.com/siuyeongHKAdopt/posts/494018185725911,https://www.instagram.com/p/Ca6Q9ZAJQOO/,https://t.me/siuyeongHKAdopt/708
Paws United Charity,Cat,F,Flora,https://siuyeo.ng/UkAF,https://www.facebook.com/siuyeongHKAdopt/posts/493391902455206,https://www.instagram.com/p/Ca3zne8LZoD/,https://t.me/siuyeongHKAdopt/707
HKSCDA,Cat,F,艇仔粥,https://siuyeo.ng/jkRS,https://www.facebook.com/siuyeongHKAdopt/posts/492763135851416,https://www.instagram.com/p/Ca1PKSzrSFD/,https://t.me/siuyeongHKAdopt/706
SAA,Dog,M,小黑B,https://siuyeo.ng/Dkc3,https://www.facebook.com/siuyeongHKAdopt/posts/492177195910010,https://www.instagram.com/p/Cay0vH6Ljt8/,https://t.me/siuyeongHKAdopt/705
HKAAC,Dog,M,仔仔,https://siuyeo.ng/1ksz,https://www.facebook.com/siuyeongHKAdopt/posts/491483389312724,https://www.instagram.com/p/CawIV9rLAkP/,https://t.me/siuyeongHKAdopt/704
HKHERP,Turtle,N/A,豆釘,https://siuyeo.ng/8keZ,https://www.facebook.com/siuyeongHKAdopt/posts/490770859383977,https://www.instagram.com/p/CataR0vrknj/,https://t.me/siuyeongHKAdopt/703
Hong Kong Rabit Society,Rabbit,M,Waffle,https://siuyeo.ng/3j3c,https://www.facebook.com/siuyeongHKAdopt/posts/490224162771980,https://www.instagram.com/p/CarJdDHv7KL/,https://t.me/siuyeongHKAdopt/702
Hong Kong Dog Rescue,Dog,M,Morgan,https://siuyeo.ng/GjMA,https://www.facebook.com/siuyeongHKAdopt/posts/489614022832994,https://www.instagram.com/p/Caorj1grEXs/,https://t.me/siuyeongHKAdopt/701
SPCA,Cat,F,Tyrion,https://siuyeo.ng/VjLI,https://www.facebook.com/siuyeongHKAdopt/posts/488925342901862,https://www.instagram.com/p/Cal_MzFrKZ2/,https://t.me/siuyeongHKAdopt/700
Paws United Charity,Dog,F,Adele,https://siuyeo.ng/ljGD,https://www.facebook.com/siuyeongHKAdopt/posts/488351709625892,https://www.instagram.com/p/CajvpNuprXV/,https://t.me/siuyeongHKAdopt/699
HKSCDA,Cat,F,橙橙,https://siuyeo.ng/tjOG,https://www.facebook.com/siuyeongHKAdopt/posts/487681686359561,https://www.instagram.com/p/CahGo3urR83/,https://t.me/siuyeongHKAdopt/698
SAA,Dog,M,小強,https://siuyeo.ng/gjRh,https://www.facebook.com/siuyeongHKAdopt/posts/487020189759044,https://www.instagram.com/p/CaeYe4jrA5R/,https://t.me/siuyeongHKAdopt/697
HKAAC,Dog,F,桐桐,https://siuyeo.ng/zjbF,https://www.facebook.com/siuyeongHKAdopt/posts/486350036492726,https://www.instagram.com/p/CabsdEKrMHV/,https://t.me/siuyeongHKAdopt/696
HKHERP,Turtle,F,M2,https://siuyeo.ng/4jf3,https://www.facebook.com/siuyeongHKAdopt/posts/485729319888131,https://www.instagram.com/p/CaZMfO5P0T_/,https://t.me/siuyeongHKAdopt/695
Hong Kong Rabit Society,Rabbit,M,Duffy,https://siuyeo.ng/IjtJ,https://www.facebook.com/siuyeongHKAdopt/posts/484962783298118,https://www.instagram.com/p/CaWaQmGPYP5/,https://t.me/siuyeongHKAdopt/694
Hong Kong Dog Rescue,Dog,F,Gladys,https://siuyeo.ng/Oh6l,https://www.facebook.com/siuyeongHKAdopt/posts/484203540040709,https://www.instagram.com/p/CaTlMOUrMJx/,https://t.me/siuyeongHKAdopt/693
SPCA,Cat,M,Cimut,https://siuyeo.ng/Bh3R,https://www.facebook.com/siuyeongHKAdopt/posts/483523150108748,https://www.instagram.com/p/CaQzUVmvr69/,https://t.me/siuyeongHKAdopt/692
Paws United Charity,Dog,F,Laurie,https://siuyeo.ng/KhNN,https://www.facebook.com/siuyeongHKAdopt/posts/482876626840067,https://www.instagram.com/p/CaOLMf6p-rH/,https://t.me/siuyeongHKAdopt/690
HKSCDA,Cat,M,Jonah,https://siuyeo.ng/HhCJ,https://www.facebook.com/siuyeongHKAdopt/posts/482306340230429,https://www.instagram.com/p/CaMFVbiLi8P/,https://t.me/siuyeongHKAdopt/689
SAA,Dog,F,悠悠,https://siuyeo.ng/KhKF,https://www.facebook.com/siuyeongHKAdopt/posts/481597836967946,https://www.instagram.com/p/CaJO0rirvVy/,https://t.me/siuyeongHKAdopt/688
HKAAC,Dog,F,婷婷,https://siuyeo.ng/ehDY,https://www.facebook.com/siuyeongHKAdopt/posts/480957570365306,https://www.instagram.com/p/CaGn3YOrYIT/,https://t.me/siuyeongHKAdopt/687
HKHERP,蜥蜴,F,草妹,https://siuyeo.ng/GhIa,https://www.facebook.com/siuyeongHKAdopt/posts/480322720428791,https://www.instagram.com/p/CaEEvWfrfUN/,https://t.me/siuyeongHKAdopt/686
Hong Kong Rabit Society,Rabbit,F,Stewie,https://siuyeo.ng/GhWO,https://www.facebook.com/siuyeongHKAdopt/posts/479747390486324,https://www.instagram.com/p/CaBvjtMrEdL/,https://t.me/siuyeongHKAdopt/685
Hong Kong Dog Rescue,Dog,F,Juliet,https://siuyeo.ng/JhvN,https://www.facebook.com/siuyeongHKAdopt/posts/479030773891319,https://www.instagram.com/p/CZ-wcNTlN4z/,https://t.me/siuyeongHKAdopt/684
SPCA,Cat,F,Abee,https://siuyeo.ng/5hzU,https://www.facebook.com/siuyeongHKAdopt/posts/478524187275311,https://www.instagram.com/p/CZ89FUlvjdU/,https://t.me/siuyeongHKAdopt/683
Paws United Charity,Cat,M,Gabriel,https://siuyeo.ng/8hfL,https://www.facebook.com/siuyeongHKAdopt/posts/477789000682163,https://www.instagram.com/p/CZ6HN4dLv2D/,https://t.me/siuyeongHKAdopt/682
HKSCDA,Cat,F,利利,https://siuyeo.ng/zhaa,https://www.facebook.com/siuyeongHKAdopt/posts/477274287400301,https://www.instagram.com/p/CZ38Em9LHk7/,https://t.me/siuyeongHKAdopt/681
SAA,Dog,M,Sir,https://siuyeo.ng/ThwQ,https://www.facebook.com/siuyeongHKAdopt/posts/476551007472629,https://www.instagram.com/p/CZ07as_rWfZ/,https://t.me/siuyeongHKAdopt/680
HKAAC,Dog,M,噹噹,https://siuyeo.ng/4g57,https://www.facebook.com/siuyeongHKAdopt/posts/475976724196724,https://www.instagram.com/p/CZyeuwovGoP/,https://t.me/siuyeongHKAdopt/679
HKHERP,Turtle,N/A,七號,https://siuyeo.ng/Mg0n,https://www.facebook.com/siuyeongHKAdopt/posts/475359207591809,https://www.instagram.com/p/CZvy7ODrp-v/,https://t.me/siuyeongHKAdopt/678
Hong Kong Rabit Society,Rabbit,F,Lilo,https://siuyeo.ng/ZgXG,https://www.facebook.com/siuyeongHKAdopt/posts/474773610983702,https://www.instagram.com/p/CZtLX-oLEcf/,https://t.me/siuyeongHKAdopt/677
Hong Kong Dog Rescue,Dog,M,Alton,https://siuyeo.ng/dgH4,https://www.facebook.com/siuyeongHKAdopt/posts/474210681039995,https://www.instagram.com/p/CZquM5xL8Wt/,https://t.me/siuyeongHKAdopt/676
SPCA,Dog,M,Fire,https://siuyeo.ng/ZgOh,https://www.facebook.com/siuyeongHKAdopt/posts/473662924428104,https://www.instagram.com/p/CZoUHDwr-sw/,https://t.me/siuyeongHKAdopt/675
Paws United Charity,Dog,M,Trace,https://siuyeo.ng/XgRi,https://www.facebook.com/siuyeongHKAdopt/posts/473028191158244,https://www.instagram.com/p/CZlmiZ_L1yC/,https://t.me/siuyeongHKAdopt/674
HKSCDA,Cat,F,鐘無豔,https://siuyeo.ng/TgnD,https://www.facebook.com/siuyeongHKAdopt/posts/472302207897509,https://www.instagram.com/p/CZidcc3PT7B/,https://t.me/siuyeongHKAdopt/673
SAA,Dog,M,沙展,https://siuyeo.ng/hgzn,https://www.facebook.com/siuyeongHKAdopt/posts/471752617952468,https://www.instagram.com/p/CZgj7iZr6gh/,https://t.me/siuyeongHKAdopt/672
HKAAC,Dog,M,細佬仔,https://siuyeo.ng/hgf4,https://www.facebook.com/siuyeongHKAdopt/posts/471086064685790,https://www.instagram.com/p/CZdsq4arrlT/,https://t.me/siuyeongHKAdopt/671
HKHERP,Turtle,M,華俊,https://siuyeo.ng/GgaH,https://www.facebook.com/siuyeongHKAdopt/posts/470493878078342,https://www.instagram.com/p/CZbUkDHLL2q/,https://t.me/siuyeongHKAdopt/670
Hong Kong Rabit Society,Rabbit,F,Loppy,https://siuyeo.ng/Egtk,https://www.facebook.com/siuyeongHKAdopt/posts/469903731470690,https://www.instagram.com/p/CZY0VeuPE6G/,https://t.me/siuyeongHKAdopt/669
Hong Kong Dog Rescue,Dog,M,Soybean,https://siuyeo.ng/qf62,https://www.facebook.com/siuyeongHKAdopt/posts/469249364869460,https://www.instagram.com/p/CZWE80RrvAM/,https://t.me/siuyeongHKAdopt/668
SPCA,Dog,M,Congee,https://siuyeo.ng/zf8y,https://www.facebook.com/siuyeongHKAdopt/posts/468541118273618,https://www.instagram.com/p/CZS-xSoPhud/,https://t.me/siuyeongHKAdopt/667
Paws United Charity,Dog,M,Veray,https://siuyeo.ng/uf14,https://www.facebook.com/siuyeongHKAdopt/posts/467929655001431,https://www.instagram.com/p/CZQZaLrp5QU/,https://t.me/siuyeongHKAdopt/666
HKSCDA,Cat,F,Ling Ling,https://siuyeo.ng/2fZt,https://www.facebook.com/siuyeongHKAdopt/posts/467317385062658,https://www.instagram.com/p/CZNyT5BpgtJ/,https://t.me/siuyeongHKAdopt/665
SAA,Dog,M,Leon,https://siuyeo.ng/yfHg,https://www.facebook.com/siuyeongHKAdopt/posts/466648038462926,https://www.instagram.com/p/CZLPfuqv6mB/,https://t.me/siuyeongHKAdopt/664
HKAAC,Dog,F,吱喳,https://siuyeo.ng/4fAy,https://www.facebook.com/siuyeongHKAdopt/posts/466045321856531,https://www.instagram.com/p/CZIpVr2PCV0/,https://t.me/siuyeongHKAdopt/663
HKHERP,Turtle,N/A,煤氣爐 (PCW057),https://siuyeo.ng/JfRm,https://www.facebook.com/siuyeongHKAdopt/posts/465470848580645,https://www.instagram.com/p/CZGGiEmJNkx/,https://t.me/siuyeongHKAdopt/662
Hong Kong Rabit Society,Rabbit,F,Nacho,https://siuyeo.ng/RfQg,https://www.facebook.com/siuyeongHKAdopt/posts/464967981964265,https://www.instagram.com/p/CZD6xz9LTKm/,https://t.me/siuyeongHKAdopt/661
Hong Kong Dog Rescue,Dog,M,Tally,https://siuyeo.ng/Qfku,https://www.facebook.com/siuyeongHKAdopt/posts/464400772020986,https://www.instagram.com/p/CZBjoGzrzbx/,https://t.me/siuyeongHKAdopt/660
SPCA,Cat,M,Ivan,https://siuyeo.ng/YfaS,https://www.facebook.com/siuyeongHKAdopt/posts/463610595433337,https://www.instagram.com/p/CY-XSzPpTXo/,https://t.me/siuyeongHKAdopt/659
Paws United Charity,Dog,F,Halle,https://siuyeo.ng/jft7,https://www.facebook.com/siuyeongHKAdopt/posts/462978355496561,https://www.instagram.com/p/CY7yj-TvVaY/,https://t.me/siuyeongHKAdopt/658
HKSCDA,Cat,M,Tubby,https://siuyeo.ng/Afw9,https://www.facebook.com/siuyeongHKAdopt/posts/462350185559378,https://www.instagram.com/p/CY5P6THPJ-n/,https://t.me/siuyeongHKAdopt/657
SAA,Dog,M,豆豆,https://siuyeo.ng/Zd4c,https://www.facebook.com/siuyeongHKAdopt/posts/461739785620418,https://www.instagram.com/p/CY2o7V8PhzU/,https://t.me/siuyeongHKAdopt/656
HKAAC,Dog,M,Billy,https://siuyeo.ng/od1V,https://www.facebook.com/siuyeongHKAdopt/posts/461112215683175,https://www.instagram.com/p/CY0GNd2lpFr/,https://t.me/siuyeongHKAdopt/655
HKHERP,Turtle,N/A,煮食爐 (PCW058),https://siuyeo.ng/vdV9,https://www.facebook.com/siuyeongHKAdopt/posts/460458489081881,https://www.instagram.com/p/CYxpxJUrzpa/,https://t.me/siuyeongHKAdopt/654
Hong Kong Rabit Society,Rabbit,F,Orsa,https://siuyeo.ng/4dJy,https://www.facebook.com/siuyeongHKAdopt/posts/459766979151032,https://www.instagram.com/p/CYu7CcHPkXw/,https://t.me/siuyeongHKAdopt/653
Hong Kong Dog Rescue,Dog,F,Melanie,https://siuyeo.ng/IdDo,https://www.facebook.com/siuyeongHKAdopt/posts/459144309213299,https://www.instagram.com/p/CYsTXysJYb1/,https://t.me/siuyeongHKAdopt/652
SPCA,Dog,M,Guti,https://siuyeo.ng/YdY3,https://www.facebook.com/siuyeongHKAdopt/posts/458542292606834,https://www.instagram.com/p/CYpyicevypy/,https://t.me/siuyeongHKAdopt/651
Paws United Charity,Dog,F,Lenora,https://siuyeo.ng/idQN,https://www.facebook.com/siuyeongHKAdopt/posts/457935466000850,https://www.instagram.com/p/CYnLPQDlbNN/,https://t.me/siuyeongHKAdopt/650
HKSCDA,Cat,M,Stanley,https://siuyeo.ng/5dxb,https://www.facebook.com/siuyeongHKAdopt/posts/457341249393605,https://www.instagram.com/p/CYknLGEltcY/,https://t.me/siuyeongHKAdopt/648
SAA,Dog,M,Moise,https://siuyeo.ng/Zdfx,https://www.facebook.com/siuyeongHKAdopt/posts/456687196125677,https://www.instagram.com/p/CYiCvQLPlaK/,https://t.me/siuyeongHKAdopt/647
HKAAC,Dog,M,Danny仔,https://siuyeo.ng/pdsy,https://www.facebook.com/siuyeongHKAdopt/posts/456211489506581,https://www.instagram.com/p/CYf7ISvLmmw/,https://t.me/siuyeongHKAdopt/646
HKHERP,Turtle,N/A,光波爐 (PCW059),https://siuyeo.ng/NdqP,https://www.facebook.com/siuyeongHKAdopt/posts/455507662910297,https://www.instagram.com/p/CYc35A7lNTJ/,https://t.me/siuyeongHKAdopt/645
Hong Kong Rabit Society,Rabbit,F,Hoppin,https://siuyeo.ng/Ts2y,https://www.facebook.com/siuyeongHKAdopt/posts/454915266302870,https://www.instagram.com/p/CYaUOZql13p/,https://t.me/siuyeongHKAdopt/644
Hong Kong Dog Rescue,Dog,F,Sarah,https://siuyeo.ng/ysVN,https://www.facebook.com/siuyeongHKAdopt/posts/454312986363098,https://www.instagram.com/p/CYXxhWlPpJB/,https://t.me/siuyeongHKAdopt/643
SPCA,Cat,F,Ding Ding,https://siuyeo.ng/TsKp,https://www.facebook.com/siuyeongHKAdopt/posts/453694506424946,https://www.instagram.com/p/CYVJp-3l2gS/,https://t.me/siuyeongHKAdopt/642
Paws United Charity,Dog,F,Vale,https://siuyeo.ng/UsPf,https://www.facebook.com/siuyeongHKAdopt/posts/453097629817967,https://www.instagram.com/p/CYSjDUMpHO5/,https://t.me/siuyeongHKAdopt/641
HKSCDA,Cat,M,Vanilla,https://siuyeo.ng/DsR8,https://www.facebook.com/siuyeongHKAdopt/posts/452515346542862,https://www.instagram.com/p/CYQEfpeloCF/,https://t.me/siuyeongHKAdopt/640
SAA,Dog,M,Pa Pa,https://siuyeo.ng/xsQh,https://www.facebook.com/siuyeongHKAdopt/posts/451971083263955,https://www.instagram.com/p/CYN0-eBLBDA/,https://t.me/siuyeongHKAdopt/639
HKAAC,Dog,F,Vanessa,https://siuyeo.ng/7szz,https://www.facebook.com/siuyeongHKAdopt/posts/451388669988863,https://www.instagram.com/p/CYLYeAmLse7/,https://t.me/siuyeongHKAdopt/638
HKHERP,Turtle,N/A,熱水爐 (PCW060),https://siuyeo.ng/lsiX,https://www.facebook.com/siuyeongHKAdopt/posts/450471650080565,https://www.instagram.com/p/CYIRWy1vr4u/,https://t.me/siuyeongHKAdopt/637
Hong Kong Rabit Society,Rabbit,M,Baku,https://siuyeo.ng/jseg,https://www.facebook.com/siuyeongHKAdopt/posts/449843320143398,https://www.instagram.com/p/CYFrriolq4R/,https://t.me/siuyeongHKAdopt/636
Hong Kong Dog Rescue,Dog,M,Kyle,https://siuyeo.ng/Pa5y,https://www.facebook.com/siuyeongHKAdopt/posts/449226260205104,https://www.instagram.com/p/CYDF_duJXLx/,https://t.me/siuyeongHKAdopt/635
SPCA,Cat,M,Q Jai,https://siuyeo.ng/Fa32,https://www.facebook.com/siuyeongHKAdopt/posts/448617896932607,https://www.instagram.com/p/CYAhInKJT1r/,https://t.me/siuyeongHKAdopt/634
Paws United Charity,Dog,F,Fenix,https://siuyeo.ng/baMm,https://www.facebook.com/siuyeongHKAdopt/posts/448110280316702,https://www.instagram.com/p/CX-OrcJPsaY/,https://t.me/siuyeongHKAdopt/633
HKSCDA,Cat,M,Scar,https://siuyeo.ng/iaXf,https://www.facebook.com/siuyeongHKAdopt/posts/447446653716398,https://www.instagram.com/p/CX7ldI0rKhD/,https://t.me/siuyeongHKAdopt/632
SAA,Dog,M,Ben,https://siuyeo.ng/VaKZ,https://www.facebook.com/siuyeongHKAdopt/posts/446795507114846,https://www.instagram.com/p/CX5BOUPLrVv/,https://t.me/siuyeongHKAdopt/631
HKAAC,Dog,M,Alex,https://siuyeo.ng/maFz,https://www.facebook.com/siuyeongHKAdopt/posts/446108527183544,https://www.instagram.com/p/CX2OQMHFC1I/,https://t.me/siuyeongHKAdopt/630
HKHERP,Turtle,N/A,鉛筆,https://siuyeo.ng/IaOq,https://www.facebook.com/siuyeongHKAdopt/posts/445477690579961,https://www.instagram.com/p/CXzr-tlvd2e/,https://t.me/siuyeongHKAdopt/629
Hong Kong Rabit Society,Rabbit,F,Bokki,https://siuyeo.ng/uaR0,https://www.facebook.com/siuyeongHKAdopt/posts/444883143972749,https://www.instagram.com/p/CXxHZHvPfgX/,https://t.me/siuyeongHKAdopt/628
Hong Kong Dog Rescue,Dog,M,Donut,https://siuyeo.ng/Aavq,https://www.facebook.com/siuyeongHKAdopt/posts/444245554036508,https://www.instagram.com/p/CXuh-7ulksv/,https://t.me/siuyeongHKAdopt/627
SPCA,Cat,F,Kam B,https://siuyeo.ng/mahw,https://www.facebook.com/siuyeongHKAdopt/posts/443657074095356,https://www.instagram.com/p/CXr-51ilM0V/,https://t.me/siuyeongHKAdopt/626
Paws United Charity,Dog,F,Adrienn,https://siuyeo.ng/8ass,https://www.facebook.com/siuyeongHKAdopt/posts/443095474151516,https://www.instagram.com/p/CXpiEptPzag/,https://t.me/siuyeongHKAdopt/625
HKSCDA,Cat,F,肥媽,https://siuyeo.ng/EayG,https://www.facebook.com/siuyeongHKAdopt/posts/442440044217059,https://www.instagram.com/p/CXmxAfdvgBY/,https://t.me/siuyeongHKAdopt/624
SAA,Dog,F,Ci Ci,https://siuyeo.ng/Ap6W,https://www.facebook.com/siuyeongHKAdopt/posts/441859390941791,https://www.instagram.com/p/CXkQ2ezlfFo/,https://t.me/siuyeongHKAdopt/623
HKAAC,Cat,M,飛哥,https://siuyeo.ng/Ep3b,https://www.facebook.com/siuyeongHKAdopt/posts/441215571006173,https://www.instagram.com/p/CXhr6p7lC68/,https://t.me/siuyeongHKAdopt/622
HKHERP,Turtle,N/A,擦字膠,https://siuyeo.ng/5pNF,https://www.facebook.com/siuyeongHKAdopt/posts/440589511068779,https://www.instagram.com/p/CXfCTrmJGK_/,https://t.me/siuyeongHKAdopt/621
Hong Kong Rabit Society,Rabbit,F,Mercury,https://siuyeo.ng/upJ8,https://www.facebook.com/siuyeongHKAdopt/posts/439987997795597,https://www.instagram.com/p/CXchf9RFmB5/,https://t.me/siuyeongHKAdopt/620
Hong Kong Dog Rescue,Dog,F,Pearl,https://siuyeo.ng/vpAw,https://www.facebook.com/siuyeongHKAdopt/posts/439393334521730,https://www.instagram.com/p/CXZ7vTgFmxk/,https://t.me/siuyeongHKAdopt/619
SPCA,Cat,F,ViVi,https://siuyeo.ng/MpId,https://www.facebook.com/siuyeongHKAdopt/posts/438815904579473,https://www.instagram.com/p/CXXkUD6LDH5/,https://t.me/siuyeongHKAdopt/618
Paws United Charity,Dog,M,Ivon,https://siuyeo.ng/ypmX,https://www.facebook.com/siuyeongHKAdopt/posts/438164247977972,https://www.instagram.com/p/CXUy2aMle_J/,https://t.me/siuyeongHKAdopt/617
HKSCDA,Cat,M,肥金金,https://siuyeo.ng/bpxg,https://www.facebook.com/siuyeongHKAdopt/posts/437538654707198,https://www.instagram.com/p/CXSLZ6OpCpL/,https://t.me/siuyeongHKAdopt/616
SAA,Dog,F,Ah So,https://siuyeo.ng/Fovq,https://www.facebook.com/siuyeongHKAdopt/posts/436925734768490,https://www.instagram.com/p/CXPnvNkJoZZ/,https://t.me/siuyeongHKAdopt/615
HKAAC,Dog,M,Gilbert,https://siuyeo.ng/vpon,https://www.facebook.com/siuyeongHKAdopt/posts/436270748167322,https://www.instagram.com/p/CXNDwS0pNbT/,https://t.me/siuyeongHKAdopt/614
HKHERP,Turtle,N/A,過馬路,https://siuyeo.ng/0o5V,https://www.facebook.com/siuyeongHKAdopt/posts/435606164900447,https://www.instagram.com/p/CXKftehpVbT/,https://t.me/siuyeongHKAdopt/613
Hong Kong Rabit Society,Rabbit,M,Rodi,https://siuyeo.ng/io0x,https://www.facebook.com/siuyeongHKAdopt/posts/434988741628856,https://www.instagram.com/p/CXH5hRrPOXg/,https://t.me/siuyeongHKAdopt/612
Hong Kong Dog Rescue,Dog,F,Jiggle,https://siuyeo.ng/WoBV,https://www.facebook.com/siuyeongHKAdopt/posts/434427341684996,https://www.instagram.com/p/CXFlSq9L7VB/,https://t.me/siuyeongHKAdopt/611
SPCA,Cat,M,Oscar,https://siuyeo.ng/poGu,https://www.facebook.com/siuyeongHKAdopt/posts/433782741749456,https://www.instagram.com/p/CXCyQWolKxp/,https://t.me/siuyeongHKAdopt/610
Paws United Charity,Dog,F,Luisa,https://siuyeo.ng/SoPy,https://www.facebook.com/siuyeongHKAdopt/posts/433049575156106,https://www.instagram.com/p/CXAKtqCJaCW/,https://t.me/siuyeongHKAdopt/609
HKSCDA,Cat,F,壞女孩,https://siuyeo.ng/zoEn,https://www.facebook.com/siuyeongHKAdopt/posts/432414238552973,https://www.instagram.com/p/CW9nvgWvqc8/,https://t.me/siuyeongHKAdopt/608
SAA,Dog,F,三婆,https://siuyeo.ng/HiKl,https://www.facebook.com/siuyeongHKAdopt/posts/431770418617355,https://www.instagram.com/p/CW7A7yqJln-/,https://t.me/siuyeongHKAdopt/607
HKAAC,Dog,M,Dickson,https://siuyeo.ng/2ojC,https://www.facebook.com/siuyeongHKAdopt/posts/431110382016692,https://www.instagram.com/p/CW4d-fupQ6z/,https://t.me/siuyeongHKAdopt/606
HKHERP,Turtle,N/A,要小心,https://siuyeo.ng/yosG,https://www.facebook.com/siuyeongHKAdopt/posts/430493008745096,https://www.instagram.com/p/CW14oo9JxRs/,https://t.me/siuyeongHKAdopt/605
Hong Kong Rabit Society,Rabbit,F,Mercury,https://siuyeo.ng/5opo,https://www.facebook.com/siuyeongHKAdopt/posts/429854432142287,https://www.instagram.com/p/CWzfjJbFpnE/,https://t.me/siuyeongHKAdopt/604
Hong Kong Dog Rescue,Dog,M,Waffle,https://siuyeo.ng/7oe1,https://www.facebook.com/siuyeongHKAdopt/posts/429365558857841,https://www.instagram.com/p/CWxsfBelBpB/,https://t.me/siuyeongHKAdopt/603
SPCA,Dog,M,Pao B,https://siuyeo.ng/di4d,https://www.facebook.com/siuyeongHKAdopt/posts/428544685606595,https://www.instagram.com/p/CWuJoF9Jtka/,https://t.me/siuyeongHKAdopt/602
Paws United Charity,Cat,M,Karter,https://siuyeo.ng/ri2W,https://www.facebook.com/siuyeongHKAdopt/posts/427929622334768,https://www.instagram.com/p/CWrkguEJncg/,https://t.me/siuyeongHKAdopt/601
HKSCDA,Cat,M,杜甫,https://siuyeo.ng/HiN2,https://www.facebook.com/siuyeongHKAdopt/posts/427297312397999,https://www.instagram.com/p/CWo9yUpJncF/,https://t.me/siuyeongHKAdopt/600
SAA,Cat,F,阿喜,https://siuyeo.ng/HiKl,https://www.facebook.com/siuyeongHKAdopt/posts/426653232462407,https://www.instagram.com/p/CWmbGuVPYDe/,https://t.me/siuyeongHKAdopt/599
HKAAC,Dog,M,少爺仔,https://siuyeo.ng/KiDJ,https://www.facebook.com/siuyeongHKAdopt/posts/426058585855205,https://www.instagram.com/p/CWj6CwOlgMw/,https://t.me/siuyeongHKAdopt/598
HKHERP,Turtle,M,宏宏,https://siuyeo.ng/giIA,https://www.facebook.com/siuyeongHKAdopt/posts/425527119241685,https://www.instagram.com/p/CWhsRGAohmH/,https://t.me/siuyeongHKAdopt/597
Hong Kong Rabit Society,Rabbit,M,Goomba,https://siuyeo.ng/Eiv8,https://www.facebook.com/siuyeongHKAdopt/posts/424800799314317,https://www.instagram.com/p/CWex4Irl8cE/,https://t.me/siuyeongHKAdopt/596
Hong Kong Dog Rescue,Dog,F,Eggplant,https://siuyeo.ng/Miks,https://www.facebook.com/siuyeongHKAdopt/posts/424173466043717,https://www.instagram.com/p/CWcOFmSl1MI/,https://t.me/siuyeongHKAdopt/595
SPCA,Dog,M,Gaya,https://siuyeo.ng/rifL,https://www.facebook.com/siuyeongHKAdopt/posts/423485802779150,https://www.instagram.com/p/CWZdTe6PRhI/,https://t.me/siuyeongHKAdopt/594
Paws United Charity,Dog,M,Jackie,https://siuyeo.ng/ciuY,https://www.facebook.com/siuyeongHKAdopt/posts/422889692838761,https://www.instagram.com/p/CWXCjxppQAs/,https://t.me/siuyeongHKAdopt/593
HKSCDA,Cat,M,001,https://siuyeo.ng/Bu7M,https://www.facebook.com/siuyeongHKAdopt/posts/422265726234491,https://www.instagram.com/p/CWUetwblhGU/,https://t.me/siuyeongHKAdopt/592
SAA,Cat,N/A,阿里里,https://siuyeo.ng/Hu29,https://www.facebook.com/siuyeongHKAdopt/posts/421650272962703,https://www.instagram.com/p/CWR9lVzP_b5/,https://t.me/siuyeongHKAdopt/591
HKAAC,Dog,M,Popeye,https://siuyeo.ng/ZuNC,https://www.facebook.com/siuyeongHKAdopt/posts/421019376359126,https://www.instagram.com/p/CWPcX63lwGu/,https://t.me/siuyeongHKAdopt/590
HKHERP,Turtle,N/A,無忌,https://siuyeo.ng/PuJT,https://www.facebook.com/siuyeongHKAdopt/posts/420254566435607,https://www.instagram.com/p/CWMzUMcv_FL/,https://t.me/siuyeongHKAdopt/589
Hong Kong Rabit Society,Rabbit,M,Luka,https://siuyeo.ng/9uPa,https://www.facebook.com/siuyeongHKAdopt/posts/419577419836655,https://www.instagram.com/p/CWKUELqF6TT/,https://t.me/siuyeongHKAdopt/588
Hong Kong Dog Rescue,Dog,F,Liz,https://siuyeo.ng/puRN,https://www.facebook.com/siuyeongHKAdopt/posts/418798969914500,https://www.instagram.com/p/CWHVLDTvmn7/,https://t.me/siuyeongHKAdopt/587
SPCA,Cat,F,Kam Yan,https://siuyeo.ng/euvN,https://www.facebook.com/siuyeongHKAdopt/posts/418189799975417,https://www.instagram.com/p/CWEwz4sPWn_/,https://t.me/siuyeongHKAdopt/586
Paws United Charity,Dog,F,Adrienn,https://siuyeo.ng/MuzP,https://www.facebook.com/siuyeongHKAdopt/posts/417554800038917,https://www.instagram.com/p/CWCLP4CD5_2/,https://t.me/siuyeongHKAdopt/585
HKSCDA,Cat,F,小紅花,https://siuyeo.ng/tusD,https://www.facebook.com/siuyeongHKAdopt/posts/416943966766667,https://www.instagram.com/p/CV_m_CEvPic/,https://t.me/siuyeongHKAdopt/584
SAA,Cat,N/A,阿里玉,https://siuyeo.ng/auyl,https://www.facebook.com/siuyeongHKAdopt/posts/416424570151940,https://www.instagram.com/p/CV9gQgNr6C8/,https://t.me/siuyeongHKAdopt/583
HKAAC,Dog,F,伊利沙伯,https://siuyeo.ng/Hy2W,https://www.facebook.com/siuyeongHKAdopt/posts/415682490226148,https://www.instagram.com/p/CV6dmdmvCG9/,https://t.me/siuyeongHKAdopt/582
HKHERP,Turtle,M,阿奶,https://siuyeo.ng/WyXx,https://www.facebook.com/siuyeongHKAdopt/posts/415029083624822,https://www.instagram.com/p/CV34b_Bh_rH/,https://t.me/siuyeongHKAdopt/581
Hong Kong Rabit Society,Rabbit,M,Chess,https://siuyeo.ng/7yA4,https://www.facebook.com/siuyeongHKAdopt/posts/414396780354719,https://www.instagram.com/p/CV1T6gNP_bU/,https://t.me/siuyeongHKAdopt/580
Hong Kong Dog Rescue,Dog,M,Austin,https://siuyeo.ng/7yQp,https://www.facebook.com/siuyeongHKAdopt/posts/413719197089144,https://www.instagram.com/p/CVyvC-6PW5v/,https://t.me/siuyeongHKAdopt/579
SPCA,Dog,F,Bella,https://siuyeo.ng/Yyc9,https://www.facebook.com/siuyeongHKAdopt/posts/413071580487239,https://www.instagram.com/p/CVwJVFcPI_F/,https://t.me/siuyeongHKAdopt/578
Paws United Charity,Dog,F,Fredie,https://siuyeo.ng/Fylu,https://www.facebook.com/siuyeongHKAdopt/posts/412482877212776,https://www.instagram.com/p/CVtkiXnvakd/,https://t.me/siuyeongHKAdopt/577
HKSCDA,Cat,F,18B,https://siuyeo.ng/ryfO,https://www.facebook.com/siuyeongHKAdopt/posts/411998310594566,https://www.instagram.com/p/CVrlQdCrFyl/,https://t.me/siuyeongHKAdopt/576
SAA,Dog,F,Sky,https://siuyeo.ng/Fyuy,https://www.facebook.com/siuyeongHKAdopt/posts/411402363987494,https://www.instagram.com/p/CVpApKUIiCV/,https://t.me/siuyeongHKAdopt/575
HKAAC,Cat,F,Dada,https://siuyeo.ng/WyqE,https://www.facebook.com/siuyeongHKAdopt/posts/410538790740518,https://www.instagram.com/p/CVmnUOGvc1X/,https://t.me/siuyeongHKAdopt/574
HKHERP,Turtle,M,阿蛋,https://siuyeo.ng/ut7T,https://www.facebook.com/siuyeongHKAdopt/posts/409855670808830,https://www.instagram.com/p/CVj7VBjvWEU/,https://t.me/siuyeongHKAdopt/573
Hong Kong Rabit Society,Rabbit,M,Chestnut,https://siuyeo.ng/0t3n,https://www.facebook.com/siuyeongHKAdopt/posts/409176667543397,https://www.instagram.com/p/CVhZa3-PvHr/,https://t.me/siuyeongHKAdopt/572
Hong Kong Dog Rescue,Dog,F,Tinsel,https://siuyeo.ng/Zt1G,https://www.facebook.com/siuyeongHKAdopt/posts/408511280943269,https://www.instagram.com/p/CVexx1PPxIN/,https://t.me/siuyeongHKAdopt/571
SPCA,Dog,F,阿古獸,https://siuyeo.ng/MtZe,https://www.facebook.com/siuyeongHKAdopt/posts/407821024345628,https://www.instagram.com/p/CVb-ew0pt2c/,https://t.me/siuyeongHKAdopt/570
Paws United Charity,Dog,M,Pilaf,https://siuyeo.ng/ztAf,https://www.facebook.com/siuyeongHKAdopt/posts/407242017736862,https://www.instagram.com/p/CVZqvwYJofh/,https://t.me/siuyeongHKAdopt/569
HKSCDA,Cat,M,Kiwi,https://siuyeo.ng/GtIz,https://www.facebook.com/siuyeongHKAdopt/posts/406606247800439,https://www.instagram.com/p/CVXF9scpdG5/,https://t.me/siuyeongHKAdopt/568
SAA,Dog,M,Easter,https://siuyeo.ng/5tEz,https://www.facebook.com/siuyeongHKAdopt/posts/405843867876677,https://www.instagram.com/p/CVUCv7Hv5zT/,https://t.me/siuyeongHKAdopt/567
HKAAC,Dog,M,Dicky,https://siuyeo.ng/6tvp,https://www.facebook.com/siuyeongHKAdopt/posts/405211971273200,https://www.instagram.com/p/CVRg-AvJwIS/,https://t.me/siuyeongHKAdopt/566
HKHERP,Turtle,N/A,添麥肥,https://siuyeo.ng/gtzh,https://www.facebook.com/siuyeongHKAdopt/posts/404670764660654,https://www.instagram.com/p/CVPcBNGpT3s/,https://t.me/siuyeongHKAdopt/565
Hong Kong Rabit Society,Rabbit,M,Neptunus,https://siuyeo.ng/FtpO,https://www.facebook.com/siuyeongHKAdopt/posts/403939684733762,https://www.instagram.com/p/CVMTjhpBqIL/,https://t.me/siuyeongHKAdopt/564
Hong Kong Dog Rescue,Dog,M,Rocket,https://siuyeo.ng/Er6c,https://www.facebook.com/siuyeongHKAdopt/posts/403283661466031,https://www.instagram.com/p/CVJv0m5JjLP/,https://t.me/siuyeongHKAdopt/563
SPCA,Dog,M,小虎,https://siuyeo.ng/Yr8n,https://www.facebook.com/siuyeongHKAdopt/posts/402764288184635,https://www.instagram.com/p/CVHqhyXF_1o/,https://t.me/siuyeongHKAdopt/562
Paws United Charity,Dog,F,Halle,https://siuyeo.ng/qr15,https://www.facebook.com/siuyeongHKAdopt/posts/402088904918840,https://www.instagram.com/p/CVFJZBklKpB/,https://t.me/siuyeongHKAdopt/561
HKSCDA,Cat,M,Mike,https://siuyeo.ng/7rC8,https://www.facebook.com/siuyeongHKAdopt/posts/401432711651126,https://www.instagram.com/p/CVCueLslAaf/,https://t.me/siuyeongHKAdopt/560
SAA,Dog,F,Lily,https://siuyeo.ng/1rG2,https://www.facebook.com/siuyeongHKAdopt/posts/400664815061249,https://www.instagram.com/p/CU_1gCLF5Im/,https://t.me/siuyeongHKAdopt/559
HKAAC,Dog,M,Dickson,https://siuyeo.ng/BrPh,https://www.facebook.com/siuyeongHKAdopt/posts/399965891797808,https://www.instagram.com/p/CU9UL6tp0Fn/,https://t.me/siuyeongHKAdopt/558
HKHERP,Turtle,N/A,六十七,https://siuyeo.ng/drYJ,https://www.facebook.com/siuyeongHKAdopt/posts/399408498520214,https://www.instagram.com/p/CU7NpGQpr6k/,https://t.me/siuyeongHKAdopt/557
Hong Kong Rabit Society,Rabbit,F,Deona,https://siuyeo.ng/crWS,https://www.facebook.com/siuyeongHKAdopt/posts/398763338584730,https://www.instagram.com/p/CU43B50p2pS/,https://t.me/siuyeongHKAdopt/556
Hong Kong Dog Rescue,Dog,F,Mavis,https://siuyeo.ng/Zrl7,https://www.facebook.com/siuyeongHKAdopt/posts/397895028671561,https://www.instagram.com/p/CU1rTWXpX6W/,https://t.me/siuyeongHKAdopt/555
SPCA,倉鼠,F,Siu Ngan,https://siuyeo.ng/yrg1,https://www.facebook.com/siuyeongHKAdopt/posts/397149052079492,https://www.instagram.com/p/CUzIwbNpT0o/,https://t.me/siuyeongHKAdopt/554
Paws United Charity,Dog,M,Torin,https://siuyeo.ng/praz,https://www.facebook.com/siuyeongHKAdopt/posts/396456215482109,https://www.instagram.com/p/CUwlC2yFbyy/,https://t.me/siuyeongHKAdopt/553
HKSCDA,Cat,M,小餅,https://siuyeo.ng/hrtH,https://www.facebook.com/siuyeongHKAdopt/posts/395746695553061,https://www.instagram.com/p/CUt4nIgFh1p/,https://t.me/siuyeongHKAdopt/552
SAA,Dog,F,Glory,https://siuyeo.ng/qe7X,https://www.facebook.com/siuyeongHKAdopt/posts/395021182292279,https://www.instagram.com/p/CUrQ4BTlUTj/,https://t.me/siuyeongHKAdopt/551
HKAAC,Dog,M,Jackson,https://siuyeo.ng/Ge1f,https://www.facebook.com/siuyeongHKAdopt/posts/394593285668402,https://www.instagram.com/p/CUphIn2pjxF/,https://t.me/siuyeongHKAdopt/550
HKHERP,Turtle,N/A,咩茹,https://siuyeo.ng/1eLD,https://www.facebook.com/siuyeongHKAdopt/posts/394089689052095,https://www.instagram.com/p/CUm1Ep7puU5/,https://t.me/siuyeongHKAdopt/549
Hong Kong Rabit Society,Rabbit,M,Alston,https://siuyeo.ng/1eAl,https://www.facebook.com/siuyeongHKAdopt/posts/393259155801815,https://www.instagram.com/p/CUjayaFlj95/,https://t.me/siuyeongHKAdopt/548
Hong Kong Dog Rescue,Dog,F,Dolly,https://siuyeo.ng/wem2,https://www.facebook.com/siuyeongHKAdopt/posts/392625352531862,https://www.instagram.com/p/CUg34JGlgx_/,https://t.me/siuyeongHKAdopt/547
SPCA,Rabbit,M,Caramel,https://siuyeo.ng/gecm,https://www.facebook.com/siuyeongHKAdopt/posts/392048569256207,https://www.instagram.com/p/CUemARYlTYk/,https://t.me/siuyeongHKAdopt/546
Paws United Charity,Dog,M,Evan,https://siuyeo.ng/fekL,https://www.facebook.com/siuyeongHKAdopt/posts/391530202641377,https://www.instagram.com/p/CUcjzIRJMBv/,https://t.me/siuyeongHKAdopt/545
HKSCDA,Cat,F,雅莉,https://siuyeo.ng/eeps,https://www.facebook.com/siuyeongHKAdopt/posts/390903856037345,https://www.instagram.com/p/CUaCJbAp2MC/,https://t.me/siuyeongHKAdopt/544
SAA,Dog,F,Niko,https://siuyeo.ng/9w5L,https://www.facebook.com/siuyeongHKAdopt/posts/389974396130291,https://www.instagram.com/p/CUWa1acJ7dF/,https://t.me/siuyeongHKAdopt/543
HKAAC,Dog,M,威B,https://siuyeo.ng/Bw4v,https://www.facebook.com/siuyeongHKAdopt/posts/389598826167848,https://www.instagram.com/p/CUU6wvTpsGj/,https://t.me/siuyeongHKAdopt/542
HKHERP,Turtle,M,阿蛋,https://siuyeo.ng/7wM9,https://www.facebook.com/siuyeongHKAdopt/posts/388827406244990,https://www.instagram.com/p/CUR3U52p4Fw/,https://t.me/siuyeongHKAdopt/541
Hong Kong Rabit Society,Rabbit,M,Bengie,https://siuyeo.ng/fwJ8,https://www.facebook.com/siuyeongHKAdopt/posts/388239009637163,https://www.instagram.com/p/CUPgKZRJ3km/,https://t.me/siuyeongHKAdopt/540
Hong Kong Dog Rescue,Dog,M,Sonic,https://siuyeo.ng/AwPW,https://www.facebook.com/siuyeongHKAdopt/posts/387486193045778,https://www.instagram.com/p/CUMjARJpxxQ/,https://t.me/siuyeongHKAdopt/539
SPCA,Cat,M,Ronin,https://siuyeo.ng/owRp,https://www.facebook.com/siuyeongHKAdopt/posts/386972963097101,https://www.instagram.com/p/CUKjch7J2hb/,https://t.me/siuyeongHKAdopt/538
Paws United Charity,Dog,M,Denver,https://siuyeo.ng/mwkj,https://www.facebook.com/siuyeongHKAdopt/posts/386119963182401,https://www.instagram.com/p/CUHRPB4pwaV/,https://t.me/siuyeongHKAdopt/537
HKSCDA,Cat,F,Trista,https://siuyeo.ng/swpO,https://www.facebook.com/siuyeongHKAdopt/posts/385593759901688,https://www.instagram.com/p/CUFTwNrJnDp/,https://t.me/siuyeongHKAdopt/536
SAA,Dog,F,Wren,https://siuyeo.ng/pwqO,https://www.facebook.com/siuyeongHKAdopt/posts/384977353296662,https://www.instagram.com/p/CUC1HDXpBF8/,https://t.me/siuyeongHKAdopt/535
HKAAC,Dog,F,翠兒,https://siuyeo.ng/LMt,https://www.facebook.com/siuyeongHKAdopt/posts/384086590052405,https://www.instagram.com/p/CT_Tp_appU6/,https://t.me/siuyeongHKAdopt/534
HKHERP,Turtle,M,古立,https://siuyeo.ng/FHh,https://www.facebook.com/siuyeongHKAdopt/posts/383521293442268,https://www.instagram.com/p/CT9AIUFph8J/,https://t.me/siuyeongHKAdopt/533
Hong Kong Rabit Society,Rabbit,M,Aiden,https://siuyeo.ng/MRX,https://www.facebook.com/siuyeongHKAdopt/posts/383048360156228,https://www.instagram.com/p/CT7FvkIpkLe/,https://t.me/siuyeongHKAdopt/532
Hong Kong Dog Rescue,Dog,F,Mavis,https://siuyeo.ng/0ct,https://www.facebook.com/siuyeongHKAdopt/posts/382455870215477,https://www.instagram.com/p/CT4sSqXp1oA/,https://t.me/siuyeongHKAdopt/531
SPCA,Cat,M,Midas,https://siuyeo.ng/miM,https://www.facebook.com/siuyeongHKAdopt/posts/381738423620555,https://www.instagram.com/p/CT18_mvphBd/,https://t.me/siuyeongHKAdopt/530
Paws United Charity,Cat,F,Stacey,https://www.instagram.com/p/CTwBKrWBWPR/,https://www.facebook.com/siuyeongHKAdopt/posts/381114300349634,https://www.instagram.com/p/CTzZ7eeplxK/,https://t.me/siuyeongHKAdopt/529
HKSCDA,Cat,F,摩洛哥,https://hkscda.com/animal/id/2207,https://www.facebook.com/siuyeongHKAdopt/posts/380430397084691,https://www.instagram.com/p/CTwyiu9p7tQ/,https://t.me/siuyeongHKAdopt/528
SAA,Cat,F,吉吉,https://www.saa.org.hk/zh/ad_detail.php?id=320,https://www.facebook.com/siuyeongHKAdopt/posts/379747157153015,https://www.instagram.com/p/CTuCuklJC1I/,https://t.me/siuyeongHKAdopt/527
HKAAC,Dog,M,龍一,https://www.hk-aac.org.hk/貓狗領養?product_id=1723,https://www.facebook.com/siuyeongHKAdopt/posts/379549090506155,https://www.instagram.com/p/CTtOz9Kpk22/,https://t.me/siuyeongHKAdopt/526
HKHERP,Turtle,N/A,側田,https://www.hkherp.org.hk/product-page/黃頭側頸龜-側田,https://www.facebook.com/siuyeongHKAdopt/posts/378964060564658,https://www.instagram.com/p/CTq5ZGIpLW2/,https://t.me/siuyeongHKAdopt/525
Hong Kong Rabit Society,Rabbit,F,Habe,https://www.hkrabbit.org/?cat=4&rabbitID=13002,https://www.facebook.com/siuyeongHKAdopt/posts/378230257304705,https://www.instagram.com/p/CTn_gLgJecF/,https://t.me/siuyeongHKAdopt/524
Hong Kong Dog Rescue,Dog,F,Poppy,https://hongkongdogrescue.com/dogs/Poppy/,https://www.facebook.com/siuyeongHKAdopt/posts/377687734025624,https://www.instagram.com/p/CTl3-gApFQL/,https://t.me/siuyeongHKAdopt/523
SPCA,Dog,F,麥樂雞,https://main.spca.org.hk/ASPNET2/Adoption/chi/homing_detail_s1_new6.aspx?number=503767,https://www.facebook.com/siuyeongHKAdopt/posts/377199477407783,https://www.instagram.com/p/CTj6yJ1JOUb/,https://t.me/siuyeongHKAdopt/522
Paws United Charity,Cat,M,Nonio,https://www.instagram.com/p/CTeXTyXhaud/,https://www.facebook.com/siuyeongHKAdopt/posts/376547417472989,https://www.instagram.com/p/CThTgi8paMx/,https://t.me/siuyeongHKAdopt/521
HKSCDA,Cat,F,嵐嵐,https://hkscda.com/animal/id/2196,https://www.facebook.com/siuyeongHKAdopt/posts/375911267536604,https://www.instagram.com/p/CTeuGJcJPop/,https://t.me/siuyeongHKAdopt/520
SAA,Cat,M,Ali,https://www.saa.org.hk/zh/ad_detail.php?id=295,https://www.facebook.com/siuyeongHKAdopt/posts/375007214293676,https://www.instagram.com/p/CTbKVQgJm5v/,https://t.me/siuyeongHKAdopt/519
HKAAC,Cat,N/A,Whisky,https://www.hk-aac.org.hk/貓狗領養?product_id=1703,https://www.facebook.com/siuyeongHKAdopt/posts/374443064350091,https://www.instagram.com/p/CTY6pJgpDlt/,https://t.me/siuyeongHKAdopt/518
HKHERP,Turtle,F,大餅,https://www.hkherp.org.hk/product-page/巴西龜-大餅,https://www.facebook.com/siuyeongHKAdopt/posts/373945607733170,https://www.instagram.com/p/CTXCnRyp8sw/,https://t.me/siuyeongHKAdopt/517
Hong Kong Rabit Society,Rabbit,F,Aurora,https://www.hkrabbit.org/?cat=4&rabbitID=13504,https://www.facebook.com/siuyeongHKAdopt/posts/373231771137887,https://www.instagram.com/p/CTUarklJLSf/,https://t.me/siuyeongHKAdopt/516
Hong Kong Dog Rescue,Dog,M,Sonic,https://hongkongdogrescue.com/dogs/Sonic/,https://www.facebook.com/siuyeongHKAdopt/posts/372603581200706,https://www.instagram.com/p/CTR8ayQpW3Y/,https://t.me/siuyeongHKAdopt/515
SPCA,Dog,M,Dave,https://main.spca.org.hk/ASPNET2/Adoption/chi/homing_detail_s1_new6.aspx?number=504852,https://www.facebook.com/siuyeongHKAdopt/posts/371899591271105,https://www.instagram.com/p/CTPSnRLpBBf/,https://t.me/siuyeongHKAdopt/514
Paws United Charity,Dog,M,Aloe,https://www.instagram.com/p/CTGYHNsBsA9/,https://www.facebook.com/siuyeongHKAdopt/posts/371066424687755,https://www.instagram.com/p/CTMA_IDpcgY/,https://t.me/siuyeongHKAdopt/513
HKSCDA,Cat,F,Crispies,https://hkscda.com/animal/id/2184,https://www.facebook.com/siuyeongHKAdopt/posts/370355728092158,https://www.instagram.com/p/CTJLLilJded/,https://t.me/siuyeongHKAdopt/512
SAA,Cat,M,蛋黃,https://www.saa.org.hk/zh/ad_detail.php?id=297,https://www.facebook.com/siuyeongHKAdopt/posts/369708031490261,https://www.instagram.com/p/CTGqm4eJ5U9/,https://t.me/siuyeongHKAdopt/511
HKAAC,Cat,N/A,金鷹,https://www.hk-aac.org.hk/貓狗領養?product_id=1719,https://www.facebook.com/siuyeongHKAdopt/posts/369038554890542,https://www.instagram.com/p/CTEOyBRpBzC/,https://t.me/siuyeongHKAdopt/510
HKHERP,Turtle,N/A,冇膽鬼,https://www.hkherp.org.hk/product-page/地圖龜-冇膽鬼,https://www.facebook.com/siuyeongHKAdopt/posts/368529358274795,https://www.instagram.com/p/CTCdL39pClU/,https://t.me/siuyeongHKAdopt/509
Hong Kong Rabit Society,Rabbit,F,Mulan,https://www.hkrabbit.org/?cat=4&rabbitID=13516,https://www.facebook.com/siuyeongHKAdopt/posts/367883765006021,https://www.instagram.com/p/CS_1ibzJVak/,https://t.me/siuyeongHKAdopt/508
Hong Kong Dog Rescue,Dog,M,Cheerio,https://hongkongdogrescue.com/dogs/Cheerio/,https://www.facebook.com/siuyeongHKAdopt/posts/367174295076968,https://www.instagram.com/p/CS9UXrUpIlj/,https://t.me/siuyeongHKAdopt/507
SPCA,Cat,F,Ah Meh,https://main.spca.org.hk/ASPNET2/Adoption/chi/homing_detail_s1_new6.aspx?number=493954,https://www.facebook.com/siuyeongHKAdopt/posts/366519905142407,https://www.instagram.com/p/CS6s0YRp1ke/,https://t.me/siuyeongHKAdopt/506
Paws United Charity,Dog,F,Jarlsberg,https://www.instagram.com/p/CS1MGEBBYUv/,https://www.facebook.com/siuyeongHKAdopt/posts/365781945216203,https://www.instagram.com/p/CS37pFNp-HA/,https://t.me/siuyeongHKAdopt/505
HKSCDA,Cat,M,白比比,https://hkscda.com/animal/id/2159,https://www.facebook.com/siuyeongHKAdopt/posts/365017231959341,https://www.instagram.com/p/CS01-d-pob_/,https://t.me/siuyeongHKAdopt/504
SAA,Cat,M,蓮蓉,https://www.saa.org.hk/zh/ad_detail.php?id=298,https://www.facebook.com/siuyeongHKAdopt/posts/364366592024405,https://www.instagram.com/p/CSyOQ3QJMN4/,https://t.me/siuyeongHKAdopt/503
HKAAC,Cat,N/A,Brandy,https://www.hk-aac.org.hk/貓狗領養?product_id=1704,https://www.facebook.com/siuyeongHKAdopt/posts/363878625406535,https://www.instagram.com/p/CSwaqw6pUe_/,https://t.me/siuyeongHKAdopt/502
HKHERP,Turtle,M,古立,https://www.hkherp.org.hk/product-page/巴西龜-古立,https://www.facebook.com/siuyeongHKAdopt/posts/363222592138805,https://www.instagram.com/p/CSt1RctpcAK/,https://t.me/siuyeongHKAdopt/501
Hong Kong Rabit Society,Rabbit,F,Victoria,https://www.hkrabbit.org/?cat=4&rabbitID=13534,https://www.facebook.com/siuyeongHKAdopt/posts/362453422215722,https://www.instagram.com/p/CSq09OmpYVM/,https://t.me/siuyeongHKAdopt/500
Hong Kong Dog Rescue,Dog,M,Amenda,https://hongkongdogrescue.com/dogs/Amenda/,https://www.facebook.com/siuyeongHKAdopt/posts/361932588934472,https://www.instagram.com/p/CSoviGhJVWz/,https://t.me/siuyeongHKAdopt/499
SPCA,Dog,M,Cola,https://main.spca.org.hk/ASPNET2/Adoption/chi/homing_detail_s1_new6.aspx?number=504855,https://www.facebook.com/siuyeongHKAdopt/posts/361045902356474,https://www.instagram.com/p/CSlNpRGpvae/,https://t.me/siuyeongHKAdopt/498
Paws United Charity,Dog,M,Pici,https://www.instagram.com/p/CSiTbd4BBld/,https://www.facebook.com/siuyeongHKAdopt/posts/360647222396342,https://www.instagram.com/p/CSjlz4RpQOq/,https://t.me/siuyeongHKAdopt/497
HKSCDA,Cat,F,Demi 2.0,https://hkscda.com/animal/id/2153,https://www.facebook.com/siuyeongHKAdopt/posts/359968355797562,https://www.instagram.com/p/CSg_xQ5J2vX/,https://t.me/siuyeongHKAdopt/496
SAA,Cat,F,玥兒,https://www.saa.org.hk/zh/ad_detail.php?id=296,https://www.facebook.com/siuyeongHKAdopt/posts/359321302528934,https://www.instagram.com/p/CSeepy6Jj16/,https://t.me/siuyeongHKAdopt/495
HKAAC,Cat,F,Apple,https://www.hk-aac.org.hk/貓狗領養?product_id=1715,https://www.facebook.com/siuyeongHKAdopt/posts/358616625932735,https://www.instagram.com/p/CSb3PJgpMys/,https://t.me/siuyeongHKAdopt/494
HKHERP,Turtle,N/A,側田,https://www.hkherp.org.hk/product-page/黃頭側頸龜-側田,https://www.facebook.com/siuyeongHKAdopt/posts/357921969335534,https://www.instagram.com/p/CSZNSxcJ7cc/,https://t.me/siuyeongHKAdopt/493
Hong Kong Rabit Society,Rabbit,M,Eve,https://www.hkrabbit.org/?cat=4&rabbitID=13562,https://www.facebook.com/siuyeongHKAdopt/posts/357245786069819,https://www.instagram.com/p/CSWo6XTJ1s1/,https://t.me/siuyeongHKAdopt/492
Hong Kong Dog Rescue,Dog,F,Bianca,https://hongkongdogrescue.com/dogs/Bianca/,https://www.facebook.com/siuyeongHKAdopt/posts/357242926070105,https://www.instagram.com/p/CSTJzvBpXq6/,https://t.me/siuyeongHKAdopt/491
SPCA,Rabbit,M,Hershey,https://main.spca.org.hk/ASPNET2/Adoption/chi/homing_detail_s1_new6.aspx?number=506298,https://www.facebook.com/siuyeongHKAdopt/posts/355694379558293,https://www.instagram.com/p/CSQwaC7phd8/,https://t.me/siuyeongHKAdopt/490
Paws United Charity,Dog,F,Puff,https://www.instagram.com/p/CSLdTQnBsmN/,https://www.facebook.com/siuyeongHKAdopt/posts/355210139606717,https://www.instagram.com/p/CSO5H2wJjQv/,https://t.me/siuyeongHKAdopt/489
HKSCDA,Cat,M,River,https://hkscda.com/animal/id/2138,https://www.facebook.com/siuyeongHKAdopt/posts/354580809669650,https://www.instagram.com/p/CSMZOOkJL63/,https://t.me/siuyeongHKAdopt/488
SAA,Cat,F,Lo Lo,https://www.saa.org.hk/zh/ad_detail.php?id=113,https://www.facebook.com/siuyeongHKAdopt/posts/353926883068376,https://www.instagram.com/p/CSJ0DslJ4ZF/,https://t.me/siuyeongHKAdopt/487
HKAAC,Cat,F,鳳梨,https://www.hk-aac.org.hk/貓狗領養?product_id=1711,https://www.facebook.com/siuyeongHKAdopt/posts/353311599796571,https://www.instagram.com/p/CSHUSQeodPR/,https://t.me/siuyeongHKAdopt/486
HKHERP,Turtle,F,大餅,https://www.hkherp.org.hk/product-page/巴西龜-大餅,https://www.facebook.com/siuyeongHKAdopt/posts/352619696532428,https://www.instagram.com/p/CSEov19JJ70/,https://t.me/siuyeongHKAdopt/485
Hong Kong Rabit Society,Rabbit,F,Costa,https://www.hkrabbit.org/?cat=4&rabbitID=14305,https://www.facebook.com/siuyeongHKAdopt/posts/351768946617503,https://www.instagram.com/p/CSBNihrJcD6/,https://t.me/siuyeongHKAdopt/484
Hong Kong Dog Rescue,Dog,F,Sparkle,https://hongkongdogrescue.com/dogs/Sparkle/,https://www.facebook.com/siuyeongHKAdopt/posts/351091386685259,https://www.instagram.com/p/CR-hHnDpc6x/,https://t.me/siuyeongHKAdopt/483
SPCA,Dog,F,Cookie,https://main.spca.org.hk/ASPNET2/Adoption/chi/homing_detail_s1_new6.aspx?number=500220,https://www.facebook.com/siuyeongHKAdopt/posts/350463686748029,https://www.instagram.com/p/CR8Tt0rJEyx/,https://t.me/siuyeongHKAdopt/482
Paws United Charity,Dog,M,Karl,https://www.instagram.com/p/CR6D2_0j_M5/,https://www.facebook.com/siuyeongHKAdopt/posts/349943450133386,https://www.instagram.com/p/CR6UCG0j0ni/,https://t.me/siuyeongHKAdopt/481
HKSCDA,Cat,M,福丸,https://hkscda.com/animal/id/2131,https://www.facebook.com/siuyeongHKAdopt/posts/349244670203264,https://www.instagram.com/p/CR3wN1lD-wZ/,https://t.me/siuyeongHKAdopt/480
SAA,Cat,M,Gin,https://www.saa.org.hk/zh/ad_detail.php?id=116,https://www.facebook.com/siuyeongHKAdopt/posts/348563746938023,https://www.instagram.com/p/CR1LPfrDdO9/,https://t.me/siuyeongHKAdopt/479
HKAAC,Dog,M,Happy仔,https://www.hk-aac.org.hk/貓狗領養?product_id=1708,https://www.facebook.com/siuyeongHKAdopt/posts/347698013691263,https://www.instagram.com/p/CRxu4IxjCrz/,https://t.me/siuyeongHKAdopt/478
HKHERP,Turtle,N/A,冇膽鬼,https://www.hkherp.org.hk/product-page/地圖龜-冇膽鬼,https://www.facebook.com/siuyeongHKAdopt/posts/347190023742062,https://www.instagram.com/p/CRv2_91D2JJ/,https://t.me/siuyeongHKAdopt/477
Hong Kong Rabit Society,Rabbit,M,Vodka,https://www.hkrabbit.org/?cat=4&rabbitID=14500,https://www.facebook.com/siuyeongHKAdopt/posts/346995233761541,https://www.instagram.com/p/CRvFx4AjNwb/,https://t.me/siuyeongHKAdopt/476
Hong Kong Dog Rescue,Dog,M,Wally,https://hongkongdogrescue.com/dogs/wally-2/,https://www.facebook.com/siuyeongHKAdopt/posts/346436770484054,https://www.instagram.com/p/CRs4AW4j7p9/,https://t.me/siuyeongHKAdopt/475
SPCA,Cat,F,Ah Meh,https://main.spca.org.hk/ASPNET2/Adoption/chi/homing_detail_s1_new6.aspx?number=493954,https://www.facebook.com/siuyeongHKAdopt/posts/345934783867586,https://www.instagram.com/p/CRq5EpvjQve/,https://t.me/siuyeongHKAdopt/474
Paws United Charity,Dog,F,Ritz,https://www.instagram.com/p/CRoBFARDDyK/,https://www.facebook.com/siuyeongHKAdopt/posts/345236633937401,https://www.instagram.com/p/CRoTPnnDYga/,https://t.me/siuyeongHKAdopt/473
HKSCDA,Cat,F,Donna,https://hkscda.com/animal/id/2112,https://www.facebook.com/siuyeongHKAdopt/posts/344580724002992,https://www.instagram.com/p/CRlwfxVDFrN/,https://t.me/siuyeongHKAdopt/472
SAA,Cat,M,Tab,https://www.saa.org.hk/zh/ad_detail.php?id=117,https://www.facebook.com/siuyeongHKAdopt/posts/343895707404827,https://www.instagram.com/p/CRjJStnjKIU/,https://t.me/siuyeongHKAdopt/471
HKAAC,Cat,N/A,Vodka,https://www.hk-aac.org.hk/貓狗領養?product_id=1705,https://www.facebook.com/siuyeongHKAdopt/posts/343250667469331,https://www.instagram.com/p/CRgpmTwDTl4/,https://t.me/siuyeongHKAdopt/470
HKHERP,Turtle,M,古立,https://www.hkherp.org.hk/product-page/巴西龜-古立,https://www.facebook.com/siuyeongHKAdopt/posts/342340837560314,https://www.instagram.com/p/CRdBLQyDLH5/,https://t.me/siuyeongHKAdopt/469
Hong Kong Rabit Society,Rabbit,M,Arco,https://www.hkrabbit.org/?cat=4&rabbitID=14758,https://www.facebook.com/siuyeongHKAdopt/posts/341657127628685,https://www.instagram.com/p/CRabTjyD3oO/,https://t.me/siuyeongHKAdopt/468
Hong Kong Dog Rescue,Dog,M,Cheerio,https://hongkongdogrescue.com/dogs/Cheerio/,https://www.facebook.com/siuyeongHKAdopt/posts/341251971002534,https://www.instagram.com/p/CRY1YNgjjGy/,https://t.me/siuyeongHKAdopt/467
SPCA,Dog,M,Spencer,https://main.spca.org.hk/ASPNET2/Adoption/chi/homing_detail_s1_new6.aspx?number=511719,https://www.facebook.com/siuyeongHKAdopt/posts/340592287735169,https://www.instagram.com/p/CRWTPYnjH7a/,https://t.me/siuyeongHKAdopt/466
Paws United Charity,Cat,F,Flora,https://www.instagram.com/p/CRTJDfXDq-5/,https://www.facebook.com/siuyeongHKAdopt/posts/339884321139299,https://www.instagram.com/p/CRTrpnwjX3Z/,https://t.me/siuyeongHKAdopt/465
HKSCDA,Cat,M,龍仔,https://hkscda.com/animal/id/2083,https://www.facebook.com/siuyeongHKAdopt/posts/339223921205339,https://www.instagram.com/p/CRRHuiIjciO/,https://t.me/siuyeongHKAdopt/464
SAA,Cat,M,Michael,https://www.saa.org.hk/zh/ad_detail.php?id=122,https://www.facebook.com/siuyeongHKAdopt/posts/338567107937687,https://www.instagram.com/p/CROfliVD5nb/,https://t.me/siuyeongHKAdopt/463
HKAAC,Cat,F,寶寶,https://www.hk-aac.org.hk/貓狗領養?product_id=1697,https://www.facebook.com/siuyeongHKAdopt/posts/337559121371819,https://www.instagram.com/p/CRK_cOJj59k/,https://t.me/siuyeongHKAdopt/462
HKHERP,Turtle,N/A,側田,https://www.hkherp.org.hk/product-page/黃頭側頸龜-側田,https://www.facebook.com/siuyeongHKAdopt/posts/336912038103194,https://www.instagram.com/p/CRIdHo9DHbV/,https://t.me/siuyeongHKAdopt/461
Hong Kong Rabit Society,Rabbit,F,Fan Fan,https://www.hkrabbit.org/?cat=4&rabbitID=14787,https://www.facebook.com/siuyeongHKAdopt/posts/336481201479611,https://www.instagram.com/p/CRGys0fj9gC/,https://t.me/siuyeongHKAdopt/460
Hong Kong Dog Rescue,Dog,F,Peppa,https://hongkongdogrescue.com/dogs/Peppa/,https://www.facebook.com/siuyeongHKAdopt/posts/335821351545596,https://www.instagram.com/p/CREPBY5jmO2/,https://t.me/siuyeongHKAdopt/459
SPCA,Dog,M,Ah Bob,https://main.spca.org.hk/ASPNET2/Adoption/chi/homing_detail_s1_new6.aspx?number=503586,https://www.facebook.com/siuyeongHKAdopt/posts/335135728280825,https://www.instagram.com/p/CRBo917Dx4Y/,https://t.me/siuyeongHKAdopt/458
Paws United Charity,Dog,F,Morel,https://www.instagram.com/p/CQ7_wp_DjsB/,https://www.facebook.com/siuyeongHKAdopt/posts/334479021679829,https://www.instagram.com/p/CQ_IDvljdfV/,https://t.me/siuyeongHKAdopt/457
HKSCDA,Cat,F,桃子,https://hkscda.com/animal/id/2070,https://www.facebook.com/siuyeongHKAdopt/posts/333836668410731,https://www.instagram.com/p/CQ8kCmvjw89/,https://t.me/siuyeongHKAdopt/456
SAA,Cat,M,Beetle,https://www.saa.org.hk/zh/ad_detail.php?id=124,https://www.facebook.com/siuyeongHKAdopt/posts/332860085175056,https://www.instagram.com/p/CQ428SWD_hg/,https://t.me/siuyeongHKAdopt/455
HKAAC,Dog,M,法法,https://www.hk-aac.org.hk/貓狗領養?product_id=1696,https://www.facebook.com/siuyeongHKAdopt/posts/332262171901514,https://www.instagram.com/p/CQ2akeqDGcN/,https://t.me/siuyeongHKAdopt/454
HKHERP,Turtle,F,大餅,https://www.hkherp.org.hk/product-page/巴西龜-大餅,https://www.facebook.com/siuyeongHKAdopt/posts/331870978607300,https://www.instagram.com/p/CQ02k0vjajn/,https://t.me/siuyeongHKAdopt/453
Hong Kong Rabit Society,Rabbit,M,Pekkle,https://www.hkrabbit.org/?cat=4&rabbitID=15014,https://www.facebook.com/siuyeongHKAdopt/posts/330970985363966,https://www.instagram.com/p/CQxTqbWDcaO/,https://t.me/siuyeongHKAdopt/452
Hong Kong Dog Rescue,Dog,M,Remy,https://hongkongdogrescue.com/dogs/Remy/,https://www.facebook.com/siuyeongHKAdopt/posts/330473542080377,https://www.instagram.com/p/CQvbHnlDMYG/,https://t.me/siuyeongHKAdopt/451
SPCA,Turtle,N/A,Ah Fuk,https://main.spca.org.hk/ASPNET2/Adoption/chi/homing_detail_s1_new6.aspx?number=509420,https://www.facebook.com/siuyeongHKAdopt/posts/329861008808297,https://www.instagram.com/p/CQtDe3-jexb/,https://t.me/siuyeongHKAdopt/450
Paws United Charity,Dog,F,Pasty,https://www.instagram.com/p/CQqPR4DDQwo/,https://www.facebook.com/siuyeongHKAdopt/posts/329199258874472,https://www.instagram.com/p/CQqfDE_j1nZ/,https://t.me/siuyeongHKAdopt/449
HKSCDA,Cat,M,Boo Bee,https://hkscda.com/animal/id/2054,https://www.facebook.com/siuyeongHKAdopt/posts/328340942293637,https://www.instagram.com/p/CQm_beMDb8a/,https://t.me/siuyeongHKAdopt/447
SAA,Cat,F,Z,https://www.saa.org.hk/zh/ad_detail.php?id=125,https://www.facebook.com/siuyeongHKAdopt/posts/327682472359484,https://www.instagram.com/p/CQkebK1jA1G/,https://t.me/siuyeongHKAdopt/446
HKAAC,Dog,M,Max,https://www.hk-aac.org.hk/貓狗領養?product_id=1694,https://www.facebook.com/siuyeongHKAdopt/posts/327238619070536,https://www.instagram.com/p/CQi0xRpj3uA/,https://t.me/siuyeongHKAdopt/445
HKHERP,Turtle,N/A,冇膽鬼,https://www.hkherp.org.hk/product-page/地圖龜-冇膽鬼,https://www.facebook.com/siuyeongHKAdopt/posts/326578289136569,https://www.instagram.com/p/CQgPJiMDl9i/,https://t.me/siuyeongHKAdopt/444
Hong Kong Rabit Society,Rabbit,F,Melty,https://www.hkrabbit.org/?cat=4&rabbitID=15309,https://www.facebook.com/siuyeongHKAdopt/posts/325951065865958,https://www.instagram.com/p/CQdtw41jNtm/,https://t.me/siuyeongHKAdopt/443
Hong Kong Dog Rescue,Dog,M,Malcolm,https://hongkongdogrescue.com/dogs/Malcolm/,https://www.facebook.com/siuyeongHKAdopt/posts/325251302602601,https://www.instagram.com/p/CQbC9ikjRkJ/,https://t.me/siuyeongHKAdopt/442
SPCA,Dog,M,Thor,https://main.spca.org.hk/ASPNET2/Adoption/chi/homing_detail_s1_new6.aspx?number=502501,https://www.facebook.com/siuyeongHKAdopt/posts/324649762662755,https://www.instagram.com/p/CQYiJ83j7m1/,https://t.me/siuyeongHKAdopt/441
Paws United Charity,Dog,M,Jambon,https://www.instagram.com/p/CQK_UpxjLTC/,https://www.facebook.com/siuyeongHKAdopt/posts/323796096081455,https://www.instagram.com/p/CQU6NWZDioc/,https://t.me/siuyeongHKAdopt/440
HKSCDA,Cat,M,肥仔,https://hkscda.com/animal/id/2032,https://www.facebook.com/siuyeongHKAdopt/posts/323159429478455,https://www.instagram.com/p/CQSS7Jyj2a6/,https://t.me/siuyeongHKAdopt/439
SAA,Cat,M,O仔,https://www.saa.org.hk/zh/ad_detail.php?id=126,https://www.facebook.com/siuyeongHKAdopt/posts/322458699548528,https://www.instagram.com/p/CQPpHu0jxaj/,https://t.me/siuyeongHKAdopt/438
HKAAC,Dog,M,亞東,https://www.hk-aac.org.hk/貓狗領養?product_id=103,https://www.facebook.com/siuyeongHKAdopt/posts/322096269584771,https://www.instagram.com/p/CQON4NpjPby/,https://t.me/siuyeongHKAdopt/437
HKHERP,Turtle,F,ViVi,https://www.hkherp.org.hk/product-page/巴西龜-vivi,https://www.facebook.com/siuyeongHKAdopt/posts/321433979651000,https://www.instagram.com/p/CQLmo8ejyZP/,https://t.me/siuyeongHKAdopt/436
Hong Kong Rabit Society,Rabbit,F,Eleven,https://www.hkrabbit.org/?cat=4&rabbitID=15329,https://www.facebook.com/siuyeongHKAdopt/posts/320808666380198,https://www.instagram.com/p/CQJBZd9jJnk/,https://t.me/siuyeongHKAdopt/435
Hong Kong Dog Rescue,Dog,M,Greyson,https://hongkongdogrescue.com/dogs/Greyson/,https://www.facebook.com/siuyeongHKAdopt/posts/319894926471572,https://www.instagram.com/p/CQFa1IUjJjK/,https://t.me/siuyeongHKAdopt/434
SPCA,Turtle,N/A,Berry,https://main.spca.org.hk/ASPNET2/Adoption/chi/homing_detail_s1_new6.aspx?number=509424,https://www.facebook.com/siuyeongHKAdopt/posts/319411329853265,https://www.instagram.com/p/CQDoC50jUJz/,https://t.me/siuyeongHKAdopt/433
Paws United Charity,Dog,M,Forky,https://www.instagram.com/p/CP2TFspDrVg/,https://www.facebook.com/siuyeongHKAdopt/posts/319236353204096,https://www.instagram.com/p/CQC6_6aDH7P/,https://t.me/siuyeongHKAdopt/432
HKSCDA,Cat,M,Zombie,https://hkscda.com/animal/id/2018,https://www.facebook.com/siuyeongHKAdopt/posts/318601386600926,https://www.instagram.com/p/CQAWnsJDlFV/,https://t.me/siuyeongHKAdopt/431
SAA,Cat,F,Mei Mei,https://www.saa.org.hk/zh/ad_detail.php?id=128,https://www.facebook.com/siuyeongHKAdopt/posts/318179623309769,https://www.instagram.com/p/CP-2XX3jvr1/,https://t.me/siuyeongHKAdopt/430
HKAAC,Dog,F,一筒,https://www.hk-aac.org.hk/貓狗領養?product_id=95,https://www.facebook.com/siuyeongHKAdopt/posts/317497380044660,https://www.instagram.com/p/CP8JO-GjJBB/,https://t.me/siuyeongHKAdopt/429
HKHERP,Turtle,F,夏蝦霞,https://www.hkherp.org.hk/product-page/巴西龜-夏蝦霞,https://www.facebook.com/siuyeongHKAdopt/posts/316853123442419,https://www.instagram.com/p/CP5nCG7pMNv/,https://t.me/siuyeongHKAdopt/428
Hong Kong Rabit Society,Rabbit,M,Luka,https://www.hkrabbit.org/?cat=4&rabbitID=15442,https://www.facebook.com/siuyeongHKAdopt/posts/316220146839050,https://www.instagram.com/p/CP3BCmcjo7X/,https://t.me/siuyeongHKAdopt/427
Hong Kong Dog Rescue,Dog,M,Cheerio,https://hongkongdogrescue.com/dogs/Cheerio/,https://www.facebook.com/siuyeongHKAdopt/posts/315541230240275,https://www.instagram.com/p/CP0bku3DheF/,https://t.me/siuyeongHKAdopt/426
SPCA,Turtle,F,Honu,https://main.spca.org.hk/ASPNET2/Adoption/chi/homing_detail_s1_new6.aspx?number=500491,https://www.facebook.com/siuyeongHKAdopt/posts/314710203656711,https://www.instagram.com/p/CPxGvsmjrq1/,https://t.me/siuyeongHKAdopt/425
Paws United Charity,Dog,M,Sark,https://www.instagram.com/p/CPkCAplDTT4/,https://www.facebook.com/siuyeongHKAdopt/posts/313957713731960,https://www.instagram.com/p/CPuX_YPjd20/,https://t.me/siuyeongHKAdopt/424
HKSCDA,Cat,F,Ruby,https://hkscda.com/animal/id/2016,https://www.facebook.com/siuyeongHKAdopt/posts/313515323776199,https://www.instagram.com/p/CPswUy5DdDg/,https://t.me/siuyeongHKAdopt/423
SAA,Cat,F,Ching Ching,https://www.saa.org.hk/zh/ad_detail.php?id=129,https://www.facebook.com/siuyeongHKAdopt/posts/312801080514290,https://www.instagram.com/p/CPqJ3A9D2L2/,https://t.me/siuyeongHKAdopt/422
HKAAC,Dog,F,Shinny,https://www.hk-aac.org.hk/貓狗領養?product_id=91,https://www.facebook.com/siuyeongHKAdopt/posts/312131730581225,https://www.instagram.com/p/CPng7YQjZXX/,https://t.me/siuyeongHKAdopt/421
HKHERP,Turtle,F,Vernie,https://www.hkherp.org.hk/product-page/巴西龜-vernie,https://www.facebook.com/siuyeongHKAdopt/posts/311477980646600,https://www.instagram.com/p/CPk9EGXjAQT/,https://t.me/siuyeongHKAdopt/420
Hong Kong Rabit Society,Rabbit,M,Pritt,https://www.hkrabbit.org/?cat=4&rabbitID=16076,https://www.facebook.com/siuyeongHKAdopt/posts/310863144041417,https://www.instagram.com/p/CPia3lYjwQC/,https://t.me/siuyeongHKAdopt/419
Hong Kong Dog Rescue,Dog,F,Lola,https://hongkongdogrescue.com/dogs/Lola/,https://www.facebook.com/siuyeongHKAdopt/posts/310014804126251,https://www.instagram.com/p/CPe3akyjovW/,https://t.me/siuyeongHKAdopt/418
SPCA,Dog,M,Blackberry,https://main.spca.org.hk/ASPNET2/Adoption/chi/homing_detail_s1_new6.aspx?number=500601,https://www.facebook.com/siuyeongHKAdopt/posts/309390207522044,https://www.instagram.com/p/CPcVynTD4kY/,https://t.me/siuyeongHKAdopt/417
Paws United Charity,Dog,F,Parma,https://www.instagram.com/p/CPaIY3dDKP3/,https://www.facebook.com/siuyeongHKAdopt/posts/308990687561996,https://www.instagram.com/p/CPauc7pjcoR/,https://t.me/siuyeongHKAdopt/416
HKSCDA,Cat,M,陳皮,https://hkscda.com/animal/id/1988,https://www.facebook.com/siuyeongHKAdopt/posts/308318510962547,https://www.instagram.com/p/CPYIKGhjtKF/,https://t.me/siuyeongHKAdopt/415
SAA,Cat,F,Yan Yan,https://www.saa.org.hk/zh/ad_detail.php?id=131,https://www.facebook.com/siuyeongHKAdopt/posts/307654337695631,https://www.instagram.com/p/CPVhx_qjgiq/,https://t.me/siuyeongHKAdopt/414
HKAAC,Dog,M,多多,https://www.hk-aac.org.hk/貓狗領養?product_id=1687,https://www.facebook.com/siuyeongHKAdopt/posts/307026317758433,https://www.instagram.com/p/CPS8oyLjl2e/,https://t.me/siuyeongHKAdopt/413
HKHERP,Turtle,F,ViVi,https://www.hkherp.org.hk/product-page/巴西龜-vivi,https://www.facebook.com/siuyeongHKAdopt/posts/306400834487648,https://www.instagram.com/p/CPQWyyMjxGu/,https://t.me/siuyeongHKAdopt/412
Hong Kong Rabit Society,Rabbit,F,Kimchi,https://www.hkrabbit.org/?cat=4&rabbitID=16147,https://www.facebook.com/siuyeongHKAdopt/posts/305490311245367,https://www.instagram.com/p/CPM1zvwDmT0/,https://t.me/siuyeongHKAdopt/411
Hong Kong Dog Rescue,Dog,F,Lexi,https://hongkongdogrescue.com/dogs/Lexi/,https://www.facebook.com/siuyeongHKAdopt/posts/304901537970911,https://www.instagram.com/p/CPKUU0-j7D8/,https://t.me/siuyeongHKAdopt/410
SPCA,Dog,F,Luna,https://main.spca.org.hk/ASPNET2/Adoption/chi/homing_detail_s1_new6.aspx?number=504107,https://www.facebook.com/siuyeongHKAdopt/posts/304484388012626,https://www.instagram.com/p/CPIr-9QjF9j/,https://t.me/siuyeongHKAdopt/409
Paws United Charity,Cat,M,Kura,https://www.instagram.com/p/CPBGrm2j1eD/,https://www.facebook.com/siuyeongHKAdopt/posts/303841578076907,https://www.instagram.com/p/CPGGGn1D_qG/,https://t.me/siuyeongHKAdopt/408
HKSCDA,Cat,F,Tobi,https://hkscda.com/animal/id/1984,https://www.facebook.com/siuyeongHKAdopt/posts/302972464830485,https://www.instagram.com/p/CPCpLD6DVru/,https://t.me/siuyeongHKAdopt/407
SAA,Cat,F,悠悠,https://www.saa.org.hk/zh/ad_detail.php?id=132,https://www.facebook.com/siuyeongHKAdopt/posts/302492891545109,https://www.instagram.com/p/CPA9GvTDNt2/,https://t.me/siuyeongHKAdopt/406
HKAAC,Dog,M,熊仔,https://www.hk-aac.org.hk/貓狗領養?product_id=1688,https://www.facebook.com/siuyeongHKAdopt/posts/301849781609420,https://www.instagram.com/p/CO-ZvUVDnij/,https://t.me/siuyeongHKAdopt/405
HKHERP,Turtle,F,夏蝦霞,https://www.hkherp.org.hk/product-page/巴西龜-夏蝦霞,https://www.facebook.com/siuyeongHKAdopt/posts/301059901688408,https://www.instagram.com/p/CO7Ndd1D0bo/,https://t.me/siuyeongHKAdopt/404
Hong Kong Rabit Society,Rabbit,M,Arroyo,https://www.hkrabbit.org/?cat=4&rabbitID=16192,https://www.facebook.com/siuyeongHKAdopt/posts/300939351700463,https://www.instagram.com/p/CO6uejYDkwt/,https://t.me/siuyeongHKAdopt/403
Hong Kong Dog Rescue,Dog,F,Sienna,https://hongkongdogrescue.com/dogs/Sienna/,https://www.facebook.com/siuyeongHKAdopt/posts/300340328427032,https://www.instagram.com/p/CO4S-2ojr--/,https://t.me/siuyeongHKAdopt/402
SPCA,Dog,M,Thor,https://main.spca.org.hk/ASPNET2/Adoption/chi/homing_detail_s1_new6.aspx?number=502501,https://www.facebook.com/siuyeongHKAdopt/posts/299932545134477,https://www.instagram.com/p/CO2qjH1jNek/,https://t.me/siuyeongHKAdopt/401
Paws United Charity,Dog,M,Drew,https://www.instagram.com/p/COw2nAvDVNX/,https://www.facebook.com/siuyeongHKAdopt/posts/299222481872150,https://www.instagram.com/p/CO0HGnVDkaA/,https://t.me/siuyeongHKAdopt/400
HKSCDA,Cat,M,包包,https://hkscda.com/animal/id/1985,https://www.facebook.com/siuyeongHKAdopt/posts/298565321937866,https://www.instagram.com/p/COxiMxwjwSF/,https://t.me/siuyeongHKAdopt/399
SAA,Cat,F,Wasabi,https://www.saa.org.hk/zh/ad_detail.php?id=133,https://www.facebook.com/siuyeongHKAdopt/posts/297882585339473,https://www.instagram.com/p/COu3Czxj2k7/,https://t.me/siuyeongHKAdopt/398
HKAAC,Dog,F,小米,https://www.hk-aac.org.hk/貓狗領養?product_id=1690,https://www.facebook.com/siuyeongHKAdopt/posts/297250002069398,https://www.instagram.com/p/COsWlgrDlDF/,https://t.me/siuyeongHKAdopt/397
HKHERP,Snake,N/A,關公,https://www.hkherp.org.hk/product-page/粟米蛇-關公,https://www.facebook.com/siuyeongHKAdopt/posts/296273898833675,https://www.instagram.com/p/COozuJQDbnp/,https://t.me/siuyeongHKAdopt/396
Hong Kong Rabit Society,Rabbit,M,Otis,https://www.hkrabbit.org/?cat=4&rabbitID=16263,https://www.facebook.com/siuyeongHKAdopt/posts/295612305566501,https://www.instagram.com/p/COmQzodjAki/,https://t.me/siuyeongHKAdopt/395
Hong Kong Dog Rescue,Dog,M,Finn,https://hongkongdogrescue.com/dogs/Finn/,https://www.facebook.com/siuyeongHKAdopt/posts/295187772275621,https://www.instagram.com/p/COklQ4YDKoM/,https://t.me/siuyeongHKAdopt/394
SPCA,Cat,M,Choco,https://main.spca.org.hk/ASPNET2/Adoption/chi/homing_detail_s1_new6.aspx?number=505112,https://www.facebook.com/siuyeongHKAdopt/posts/294925452301853,https://www.instagram.com/p/COji8GwDoWK/,https://t.me/siuyeongHKAdopt/393
Paws United Charity,Cat,F,Jojo,https://www.instagram.com/p/COfKHjPDrcW/,https://www.facebook.com/siuyeongHKAdopt/posts/294542689006796,https://www.instagram.com/p/COh_ygWjrtc/,https://t.me/siuyeongHKAdopt/392
HKSCDA,Cat,M,禮服俠,https://hkscda.com/animal/id/1980,https://www.facebook.com/siuyeongHKAdopt/posts/293912965736435,https://www.instagram.com/p/COfeV68Dnh1/,https://t.me/siuyeongHKAdopt/391
SAA,Cat,F,小白,https://www.saa.org.hk/zh/ad_detail.php?id=135,https://www.facebook.com/siuyeongHKAdopt/posts/293222342472164,https://www.instagram.com/p/COc3sIhDb12/,https://t.me/siuyeongHKAdopt/390
HKAAC,Cat,F,毛毛豬,https://www.hk-aac.org.hk/貓狗領養?product_id=1686,https://www.facebook.com/siuyeongHKAdopt/posts/292606019200463,https://www.instagram.com/p/COaS1zljb2z/,https://t.me/siuyeongHKAdopt/389
HKHERP,Turtle,N/A,草泥馬,https://www.hkherp.org.hk/product-page/草龜-草泥馬,https://www.facebook.com/siuyeongHKAdopt/posts/291767299284335,https://www.instagram.com/p/COWtBKBjApN/,https://t.me/siuyeongHKAdopt/388
Hong Kong Rabit Society,Rabbit,M,Chester,https://www.hkrabbit.org/?cat=4&rabbitID=16492,https://www.facebook.com/siuyeongHKAdopt/posts/291172852677113,https://www.instagram.com/p/COUP-4njA7_/,https://t.me/siuyeongHKAdopt/387
Hong Kong Dog Rescue,Dog,M,Hudson,https://hongkongdogrescue.com/dogs/hudson/,https://www.facebook.com/siuyeongHKAdopt/posts/290741706053561,https://www.instagram.com/p/COSigcYDLLf/,https://t.me/siuyeongHKAdopt/386
SPCA,Dog,M,Cola,https://main.spca.org.hk/ASPNET2/Adoption/chi/homing_detail_s1_new6.aspx?number=504855,https://www.facebook.com/siuyeongHKAdopt/posts/290103429450722,https://www.instagram.com/p/COQFAHJj-V7/,https://t.me/siuyeongHKAdopt/385
Paws United Charity,Dog,M,Caviar,https://www.instagram.com/p/COJ7b9gDJ7X/,https://www.facebook.com/siuyeongHKAdopt/posts/289416426186089,https://www.instagram.com/p/CONcK-1jcqY/,https://t.me/siuyeongHKAdopt/384
HKSCDA,Cat,M,Barlow,https://hkscda.com/animal/id/1955,https://www.facebook.com/siuyeongHKAdopt/posts/288894399571625,https://www.instagram.com/p/COLQCa6j_PX/,https://t.me/siuyeongHKAdopt/383
SAA,Cat,F,Cody,https://www.saa.org.hk/zh/ad_detail.php?id=211,https://www.facebook.com/siuyeongHKAdopt/posts/288109309650134,https://www.instagram.com/p/COIRNTvDHW8/,https://t.me/siuyeongHKAdopt/382
HKAAC,Dog,M,Jordan,https://www.hk-aac.org.hk/貓狗領養?product_id=1678,https://www.facebook.com/siuyeongHKAdopt/posts/287217763072622,https://www.instagram.com/p/COEuprkjbCW/,https://t.me/siuyeongHKAdopt/381
HKHERP,Turtle,N/A,姑丈,https://www.hkherp.org.hk/product-page/紅耳龜-姑丈,https://www.facebook.com/siuyeongHKAdopt/posts/286454823148916,https://www.instagram.com/p/COCHqkqjmXZ/,https://t.me/siuyeongHKAdopt/380
Hong Kong Rabit Society,Rabbit,F,Tally,https://www.hkrabbit.org/?cat=4&rabbitID=16511,https://www.facebook.com/siuyeongHKAdopt/posts/286032049857860,https://www.instagram.com/p/COAnWy1jxae/,https://t.me/siuyeongHKAdopt/379
Hong Kong Dog Rescue,Dog,F,Kanga,https://hongkongdogrescue.com/dogs/Kanga/,https://www.facebook.com/siuyeongHKAdopt/posts/285346376593094,https://www.instagram.com/p/CN9-B_jDbIE/,https://t.me/siuyeongHKAdopt/378
SPCA,Turtle,N/A,Jones,https://main.spca.org.hk/ASPNET2/Adoption/chi/homing_detail_s1_new6.aspx?number=500720,https://www.facebook.com/siuyeongHKAdopt/posts/284675403326858,https://www.instagram.com/p/CN7ZgBdDtgc/,https://t.me/siuyeongHKAdopt/377
Paws United Charity,Cat,F,Leica,https://www.instagram.com/p/CNwUSVXDu5B/,https://www.facebook.com/siuyeongHKAdopt/posts/284037743390624,https://www.instagram.com/p/CN41vKIjvfR/,https://t.me/siuyeongHKAdopt/376
HKSCDA,Cat,F,吉祥,https://hkscda.com/animal/id/1946,https://www.facebook.com/siuyeongHKAdopt/posts/283383973456001,https://www.instagram.com/p/CN2NZZRDCEQ/,https://t.me/siuyeongHKAdopt/375
SAA,Cat,F,Cora,https://www.saa.org.hk/zh/ad_detail.php?id=212,https://www.facebook.com/siuyeongHKAdopt/posts/282537900207275,https://www.instagram.com/p/CNyzhn1jQGX/,https://t.me/siuyeongHKAdopt/374
HKAAC,Dog,M,Mo仔,https://www.hk-aac.org.hk/貓狗領養?product_id=1091,https://www.facebook.com/siuyeongHKAdopt/posts/281872370273828,https://www.instagram.com/p/CNwKrCCD_6R/,https://t.me/siuyeongHKAdopt/373
HKHERP,Turtle,M,巴打,https://www.hkherp.org.hk/product-page/紅耳龜-巴打,https://www.facebook.com/siuyeongHKAdopt/posts/281426603651738,https://www.instagram.com/p/CNuharTj6Ii/,https://t.me/siuyeongHKAdopt/372
Hong Kong Rabit Society,Rabbit,M,Matic,https://www.hkrabbit.org/?cat=4&rabbitID=16593,https://www.facebook.com/siuyeongHKAdopt/posts/280763750384690,https://www.instagram.com/p/CNsADP6DAfk/,https://t.me/siuyeongHKAdopt/371
Hong Kong Dog Rescue,Dog,F,Sophie,https://hongkongdogrescue.com/dogs/Sophie/,https://www.facebook.com/siuyeongHKAdopt/posts/280063800454685,https://www.instagram.com/p/CNpUqF6Dp7D/,https://t.me/siuyeongHKAdopt/370
SPCA,Dog,F,Mina,https://main.spca.org.hk/ASPNET2/Adoption/chi/homing_detail_s1_new6.aspx?number=503702,https://www.facebook.com/siuyeongHKAdopt/posts/279406093853789,https://www.instagram.com/p/CNmzPJ1jBVO/,https://t.me/siuyeongHKAdopt/369
Paws United Charity,Dog,M,Macchiato,https://www.instagram.com/p/CNjO12TjPLC/,https://www.facebook.com/siuyeongHKAdopt/posts/278773960583669,https://www.instagram.com/p/CNkNbpSjszQ/,https://t.me/siuyeongHKAdopt/368
HKSCDA,Cat,F,Donut,https://hkscda.com/animal/id/1914,https://www.facebook.com/siuyeongHKAdopt/posts/277983087329423,https://www.instagram.com/p/CNhVZOsjAod/,https://t.me/siuyeongHKAdopt/367
HKSCDA,Cat,F,Cupcake,https://hkscda.com/animal/id/1913,https://www.facebook.com/siuyeongHKAdopt/posts/277983087329423,https://www.instagram.com/p/CNhVZOsjAod/,https://t.me/siuyeongHKAdopt/367
SAA,Cat,F,Doddie,https://www.saa.org.hk/zh/ad_detail.php?id=140,https://www.facebook.com/siuyeongHKAdopt/posts/277821104012288,https://www.instagram.com/p/CNgsb57Dmab/,https://t.me/siuyeongHKAdopt/366
HKAAC,Cat,M,豬仔包,https://www.hk-aac.org.hk/貓狗領養?product_id=1677,https://www.facebook.com/siuyeongHKAdopt/posts/277205787407153,https://www.instagram.com/p/CNeUqeWjJ9o/,https://t.me/siuyeongHKAdopt/365
HKHERP,Turtle,N/A,祿祿,https://www.hkherp.org.hk/product-page/紅耳龜-祿祿,https://www.facebook.com/siuyeongHKAdopt/posts/276706137457118,https://www.instagram.com/p/CNcbLiKDzMC/,https://t.me/siuyeongHKAdopt/364
Hong Kong Rabit Society,Rabbit,F,Layla,https://www.hkrabbit.org/?cat=4&rabbitID=16734,https://www.facebook.com/siuyeongHKAdopt/posts/276095897518142,https://www.instagram.com/p/CNZ-dZIjTJv/,https://t.me/siuyeongHKAdopt/363
Hong Kong Dog Rescue,Dog,F,Angie,https://hongkongdogrescue.com/dogs/Angie/,https://www.facebook.com/siuyeongHKAdopt/posts/275455600915505,https://www.instagram.com/p/CNXWLlzjs3v/,https://t.me/siuyeongHKAdopt/362
SPCA,Turtle,F,Honu,https://main.spca.org.hk/ASPNET2/Adoption/chi/homing_detail_s1_new6.aspx?number=500491,https://www.facebook.com/siuyeongHKAdopt/posts/274578027669929,https://www.instagram.com/p/CNTyysfjFJ-/,https://t.me/siuyeongHKAdopt/361
Paws United Charity,Cat,F,Sweetie Parakeet,https://www.instagram.com/p/CNJsNHoj4gU/,https://www.facebook.com/siuyeongHKAdopt/posts/273932637734468,https://www.instagram.com/p/CNRNP90jcSc/,https://t.me/siuyeongHKAdopt/360
HKSCDA,Cat,M,Easton,https://hkscda.com/animal/id/1889,https://www.facebook.com/siuyeongHKAdopt/posts/273301901130875,https://www.instagram.com/p/CNOr4OwjmqP/,https://t.me/siuyeongHKAdopt/359
SAA,Cat,F,Sugar,https://www.saa.org.hk/zh/ad_detail.php?id=143,https://www.facebook.com/siuyeongHKAdopt/posts/272678531193212,https://www.instagram.com/p/CNMJrtXDdl0/,https://t.me/siuyeongHKAdopt/358
HKAAC,Dog,F,Barbie,https://www.hk-aac.org.hk/貓狗領養?product_id=81,https://www.facebook.com/siuyeongHKAdopt/posts/272018241259241,https://www.instagram.com/p/CNJk90Ujtuo/,https://t.me/siuyeongHKAdopt/357
HKHERP,Turtle,N/A,草泥馬,https://www.hkherp.org.hk/product-page/草龜-草泥馬,https://www.facebook.com/siuyeongHKAdopt/posts/271649284629470,https://www.instagram.com/p/CNIC9nqj_GO/,https://t.me/siuyeongHKAdopt/356
Hong Kong Rabit Society,Rabbit,M,Skippy,https://www.hkrabbit.org/?cat=4&rabbitID=17065,https://www.facebook.com/siuyeongHKAdopt/posts/271026408025091,https://www.instagram.com/p/CNFXdpsDKET/,https://t.me/siuyeongHKAdopt/355
Hong Kong Dog Rescue,Dog,M,Warren,https://hongkongdogrescue.com/dogs/warren/,https://www.facebook.com/siuyeongHKAdopt/posts/270323581428707,https://www.instagram.com/p/CNCvYg3DzLn/,https://t.me/siuyeongHKAdopt/354
SPCA,Dog,F,芝麻包,https://main.spca.org.hk/ASPNET2/Adoption/chi/homing_detail_s1_new6.aspx?number=503701,https://www.facebook.com/siuyeongHKAdopt/posts/269535968174135,https://www.instagram.com/p/CM_ngnTDpeB/,https://t.me/siuyeongHKAdopt/353
Paws United Charity,Dog,M,Drew,https://www.instagram.com/p/CM8g0z1DAUH/,https://www.facebook.com/siuyeongHKAdopt/posts/268766834917715,https://www.instagram.com/p/CM8pNd9DRV9/,https://t.me/siuyeongHKAdopt/352
HKSCDA,Cat,M,小蕉,https://hkscda.com/animal/id/1908,https://www.facebook.com/siuyeongHKAdopt/posts/268116781649387,https://www.instagram.com/p/CM6LHYlDUND/,https://t.me/siuyeongHKAdopt/351
SAA,Cat,F,埗媽,https://www.saa.org.hk/zh/ad_detail.php?id=147,https://www.facebook.com/siuyeongHKAdopt/posts/267674491693616,https://www.instagram.com/p/CM4eVaXDH8V/,https://t.me/siuyeongHKAdopt/350
HKAAC,Dog,F,美麗,https://www.hk-aac.org.hk/貓狗領養?product_id=166,https://www.facebook.com/siuyeongHKAdopt/posts/266911298436602,https://www.instagram.com/p/CM14xMwD8Bd/,https://t.me/siuyeongHKAdopt/349
HKHERP,Turtle,N/A,Winnie,https://www.hkherp.org.hk/product-page/豹龜-winnie,https://www.facebook.com/siuyeongHKAdopt/posts/266324338495298,https://www.instagram.com/p/CMzb1wHD6g4/,https://t.me/siuyeongHKAdopt/348
Hong Kong Rabit Society,Rabbit,F,Taurus,https://www.hkrabbit.org/?cat=4&rabbitID=17116,https://www.facebook.com/siuyeongHKAdopt/posts/265506965243702,https://www.instagram.com/p/CMwtRM_DKma/,https://t.me/siuyeongHKAdopt/347
Hong Kong Dog Rescue,Dog,F,Sienna,https://hongkongdogrescue.com/dogs/sienna/,https://www.facebook.com/siuyeongHKAdopt/posts/264874498640282,https://www.instagram.com/p/CMuH562j-0j/,https://t.me/siuyeongHKAdopt/346
SPCA,Dog,M,Thor,https://main.spca.org.hk/ASPNET2/Adoption/chi/homing_detail_s1_new6.aspx?number=502501,https://www.facebook.com/siuyeongHKAdopt/posts/264156922045373,https://www.instagram.com/p/CMrLTKsjhjp/,https://t.me/siuyeongHKAdopt/345
Paws United Charity,Cat,M,Pentax,https://www.instagram.com/p/CMeirpID6mO/,https://www.facebook.com/siuyeongHKAdopt/posts/264042052056860,https://www.instagram.com/p/CMqtUExDZD-/,https://t.me/siuyeongHKAdopt/344
HKSCDA,Cat,F,小馬,https://hkscda.com/animal/id/1890,https://www.facebook.com/siuyeongHKAdopt/posts/263651438762588,https://www.instagram.com/p/CMpFCO6DziJ/,https://t.me/siuyeongHKAdopt/343
SAA,Cat,M,豆豆,https://www.saa.org.hk/zh/ad_detail.php?id=148,https://www.facebook.com/siuyeongHKAdopt/posts/263440845450314,https://www.instagram.com/p/CMoRtjSDaS_/,https://t.me/siuyeongHKAdopt/342
HKAAC,Cat,F,Josie,https://www.hk-aac.org.hk/貓狗領養?product_id=1659,https://www.facebook.com/siuyeongHKAdopt/posts/263004762160589,https://www.instagram.com/p/CMmgEhgDZ0G/,https://t.me/siuyeongHKAdopt/341
HKHERP,Turtle,M,壽壽,https://www.hkherp.org.hk/product-page/紅耳龜-壽壽,https://www.facebook.com/siuyeongHKAdopt/posts/262318215562577,https://www.instagram.com/p/CMj1n_FDlEc/,https://t.me/siuyeongHKAdopt/340
Hong Kong Rabit Society,Rabbit,M,Nori,https://www.hkrabbit.org/?cat=4&rabbitID=17357,https://www.facebook.com/siuyeongHKAdopt/posts/261684478959284,https://www.instagram.com/p/CMhSS5iDQM3/,https://t.me/siuyeongHKAdopt/339
Hong Kong Dog Rescue,Dog,M,Beanie,https://hongkongdogrescue.com/dogs/Beanie/,https://www.facebook.com/siuyeongHKAdopt/posts/260990715695327,https://www.instagram.com/p/CMesRY0j4G1/,https://t.me/siuyeongHKAdopt/338
SPCA,Dog,M,乖乖,https://main.spca.org.hk/ASPNET2/Adoption/chi/homing_detail_s1_new6.aspx?number=500539,https://www.facebook.com/siuyeongHKAdopt/posts/260354422425623,https://www.instagram.com/p/CMcJPiRDeKC/,https://t.me/siuyeongHKAdopt/337
Paws United Charity,Dog,M,Scott,https://www.instagram.com/p/CMWib9kDPO_/,https://www.facebook.com/siuyeongHKAdopt/posts/259533589174373,https://www.instagram.com/p/CMY3aO-jYUs/,https://t.me/siuyeongHKAdopt/336
HKSCDA,Cat,M,葦葦,https://hkscda.com/animal/id/1892,https://www.facebook.com/siuyeongHKAdopt/posts/258928445901554,https://www.instagram.com/p/CMWRIBCjns-/,https://t.me/siuyeongHKAdopt/335
SAA,Cat,F,Monday,https://www.saa.org.hk/zh/ad_detail.php?id=151,https://www.facebook.com/siuyeongHKAdopt/posts/258315932629472,https://www.instagram.com/p/CMTvL3KDI_T/,https://t.me/siuyeongHKAdopt/334
HKAAC,Dog,F,彩彩,https://www.hk-aac.org.hk/貓狗領養?product_id=1675,https://www.facebook.com/siuyeongHKAdopt/posts/257833859344346,https://www.instagram.com/p/CMR0uRZD1yp/,https://t.me/siuyeongHKAdopt/333
HKHERP,Snake,N/A,關公,https://www.hkherp.org.hk/product-page/粟米蛇-關公,https://www.facebook.com/siuyeongHKAdopt/posts/257176606076738,https://www.instagram.com/p/CMPPgtpDNNv/,https://t.me/siuyeongHKAdopt/332
Hong Kong Rabit Society,Rabbit,F,Oggy,https://www.hkrabbit.org/?cat=4&rabbitID=17359,https://www.facebook.com/siuyeongHKAdopt/posts/256549199472812,https://www.instagram.com/p/CMMugQoj-K5/,https://t.me/siuyeongHKAdopt/331
Hong Kong Dog Rescue,Dog,M,Apache,https://hongkongdogrescue.com/dogs/Apache/,https://www.facebook.com/siuyeongHKAdopt/posts/255870159540716,https://www.instagram.com/p/CMKBtQJjVwc/,https://t.me/siuyeongHKAdopt/330
SPCA,Dog,M,Sam Tung,https://main.spca.org.hk/ASPNET2/Adoption/chi/homing_detail_s1_new6.aspx?number=500369,https://www.facebook.com/siuyeongHKAdopt/posts/255028646291534,https://www.instagram.com/p/CMGmqWlDqDN/,https://t.me/siuyeongHKAdopt/329
Paws United Charity,Dog,F,Karrie,https://www.instagram.com/p/CMBlG3XjMkN/,https://www.facebook.com/siuyeongHKAdopt/posts/254544876339911,https://www.instagram.com/p/CMEq-oTDWOo/,https://t.me/siuyeongHKAdopt/328
HKSCDA,Cat,F,幸運星,https://hkscda.com/animal/id/1873,https://www.facebook.com/siuyeongHKAdopt/posts/254452326349166,https://www.instagram.com/p/CMEVIpFjb5b/,https://t.me/siuyeongHKAdopt/327
SAA,Cat,F,Tuesday,https://www.saa.org.hk/zh/ad_detail.php?id=152,https://www.facebook.com/siuyeongHKAdopt/posts/254004359727296,https://www.instagram.com/p/CMCoFBRDGhA/,https://t.me/siuyeongHKAdopt/326
HKAAC,Dog,M,烏蠅,https://www.hk-aac.org.hk/貓狗領養?product_id=444,https://www.facebook.com/siuyeongHKAdopt/posts/253286813132384,https://www.instagram.com/p/CL_6exdD_1E/,https://t.me/siuyeongHKAdopt/325
HKHERP,Snake,N/A,火魔,https://www.hkherp.org.hk/product-page/粟米蛇-火魔,https://www.facebook.com/siuyeongHKAdopt/posts/252623649865367,https://www.instagram.com/p/CL9UZG2jV86/,https://t.me/siuyeongHKAdopt/324
Hong Kong Rabit Society,Rabbit,F,Faith,https://www.hkrabbit.org/?cat=4&rabbitID=17363,https://www.facebook.com/siuyeongHKAdopt/posts/251921373268928,https://www.instagram.com/p/CL6qZBkDbpp/,https://t.me/siuyeongHKAdopt/323
Hong Kong Dog Rescue,Dog,M,Samson,https://hongkongdogrescue.com/dogs/samson/,https://www.facebook.com/siuyeongHKAdopt/posts/251286443332421,https://www.instagram.com/p/CL4EiaIDaSX/,https://t.me/siuyeongHKAdopt/322
SPCA,Dog,M,Mochi,https://main.spca.org.hk/ASPNET2/Adoption/chi/homing_detail_s1_new6.aspx?number=500798,https://www.facebook.com/siuyeongHKAdopt/posts/250327186761680,https://www.instagram.com/p/CL0l2E-D6Ug/,https://t.me/siuyeongHKAdopt/321
Paws United Charity,Dog,F,Kendall,https://www.instagram.com/p/CLv0x6QDlhq/,https://www.facebook.com/siuyeongHKAdopt/posts/249681296826269,https://www.instagram.com/p/CLyDAr4jWH-/,https://t.me/siuyeongHKAdopt/320
HKSCDA,Cat,F,心心 & 糖糖,https://hkscda.com/animal/id/1861,https://www.facebook.com/siuyeongHKAdopt/posts/249256313535434,https://www.instagram.com/p/CLwZ8xuDN2W/,https://t.me/siuyeongHKAdopt/319
SAA,Cat,F,Wednesday,https://www.saa.org.hk/zh/ad_detail.php?id=153,https://www.facebook.com/siuyeongHKAdopt/posts/248618766932522,https://www.instagram.com/p/CLt1Q8QgJXD/,https://t.me/siuyeongHKAdopt/318
HKAAC,Cat,F,Ceci,https://www.hk-aac.org.hk/貓狗領養?product_id=1669,https://www.facebook.com/siuyeongHKAdopt/posts/247940720333660,https://www.instagram.com/p/CLrK-vEgidH/,https://t.me/siuyeongHKAdopt/317
HKHERP,Turtle,M,家姐,https://www.hkherp.org.hk/product-page/紅耳龜-家姐,https://www.facebook.com/siuyeongHKAdopt/posts/247326970395035,https://www.instagram.com/p/CLon5f_gUwS/,https://t.me/siuyeongHKAdopt/316
Hong Kong Rabit Society,Rabbit,M,Eggroll,https://www.hkrabbit.org/?cat=4&rabbitID=18178,https://www.facebook.com/siuyeongHKAdopt/posts/246723940455338,https://www.instagram.com/p/CLmEkGMATvR/,https://t.me/siuyeongHKAdopt/315
Hong Kong Dog Rescue,Dog,M,Jerry,https://hongkongdogrescue.com/dogs/jerry/,https://www.facebook.com/siuyeongHKAdopt/posts/245833300544402,https://www.instagram.com/p/CLij1GCA_rd/,https://t.me/siuyeongHKAdopt/314
SPCA,Dog,M,Oreo,https://main.spca.org.hk/ASPNET2/Adoption/chi/homing_detail_s1_new6.aspx?number=499519,https://www.facebook.com/siuyeongHKAdopt/posts/245363717258027,https://www.instagram.com/p/CLg6FOBglhA/,https://t.me/siuyeongHKAdopt/313
Paws United Charity,Dog,F,Gamma,https://www.instagram.com/p/CLb8KwZjDaL/,https://www.facebook.com/siuyeongHKAdopt/posts/245149310612801,https://www.instagram.com/p/CLgD1cBgupu/,https://t.me/siuyeongHKAdopt/312
HKSCDA,Cat,F,黑洞,https://hkscda.com/animal/id/1852,https://www.facebook.com/siuyeongHKAdopt/posts/244464194014646,https://www.instagram.com/p/CLdbbfuAWWv/,https://t.me/siuyeongHKAdopt/311
SAA,Cat,F,Saturday,https://www.saa.org.hk/zh/ad_detail.php?id=154,https://www.facebook.com/siuyeongHKAdopt/posts/243377630789969,https://www.instagram.com/p/CLZLJ1OA03X/,https://t.me/siuyeongHKAdopt/310
HKAAC,Dog,F,小鳳,https://www.hk-aac.org.hk/貓狗領養?product_id=1666,https://www.facebook.com/siuyeongHKAdopt/posts/242757830851949,https://www.instagram.com/p/CLWsXZjAtES/,https://t.me/siuyeongHKAdopt/309
HKHERP,Turtle,F,道理草,https://www.hkherp.org.hk/product-page/草龜-道理草,https://www.facebook.com/siuyeongHKAdopt/posts/241891537605245,https://www.instagram.com/p/CLTHZD9gPiD/,https://t.me/siuyeongHKAdopt/308
Hong Kong Rabit Society,Rabbit,F,Jippi,https://www.hkrabbit.org/?cat=4&rabbitID=18487,https://www.facebook.com/siuyeongHKAdopt/posts/241300437664355,https://www.instagram.com/p/CLQy2m7ADH5/,https://t.me/siuyeongHKAdopt/307
Hong Kong Dog Rescue,Dog,M,Fisher,https://hongkongdogrescue.com/dogs/fisher/,https://www.facebook.com/siuyeongHKAdopt/posts/240679781059754,https://www.instagram.com/p/CLORhk2ApVE/,https://t.me/siuyeongHKAdopt/306
SPCA,Cat,F,涼茶,https://main.spca.org.hk/ASPNET2/Adoption/chi/homing_detail_s1_new6.aspx?number=501475,https://www.facebook.com/siuyeongHKAdopt/posts/240013231126409,https://www.instagram.com/p/CLLmqLbAGjf/,https://t.me/siuyeongHKAdopt/305
Paws United Charity,Dog,N/A,Boyce & Beau,https://www.instagram.com/p/CLJUgO5jC0d/,https://www.facebook.com/siuyeongHKAdopt/posts/239431501184582,https://www.instagram.com/p/CLJfwTIAPUR/,https://t.me/siuyeongHKAdopt/304
HKSCDA,Cat,N/A,步·高·升,https://hkscda.com/animal/id/1844,https://www.facebook.com/siuyeongHKAdopt/posts/238859151241817,https://www.instagram.com/p/CLHK0fRgxIe/,https://t.me/siuyeongHKAdopt/303
SAA,Cat,F,Kanes,https://www.saa.org.hk/zh/ad_detail.php?id=155,https://www.facebook.com/siuyeongHKAdopt/posts/238243697970029,https://www.instagram.com/p/CLEqI_AAnJz/,https://t.me/siuyeongHKAdopt/302
HKAAC,Dog,M,QQ,https://www.hk-aac.org.hk/貓狗領養?product_id=1664,https://www.facebook.com/siuyeongHKAdopt/posts/237395158054883,https://www.instagram.com/p/CLB_PnxA4G9/,https://t.me/siuyeongHKAdopt/301
HKHERP,Turtle,N/A,斑B,https://www.hkherp.org.hk/product-page/斑龜-斑b,https://www.facebook.com/siuyeongHKAdopt/posts/236521211475611,https://www.instagram.com/p/CK-ht64A80a/,https://t.me/siuyeongHKAdopt/300
Hong Kong Rabit Society,Rabbit,M,Teensy,https://www.hkrabbit.org/?cat=4&rabbitID=18417,https://www.facebook.com/siuyeongHKAdopt/posts/236018151525917,https://www.instagram.com/p/CK8nvSGgY2X/,https://t.me/siuyeongHKAdopt/299
Hong Kong Dog Rescue,Dog,M,Mountie,https://hongkongdogrescue.com/dogs/Mountie/,https://www.facebook.com/siuyeongHKAdopt/posts/235493431578389,https://www.instagram.com/p/CK6Y-TYAkRN/,https://t.me/siuyeongHKAdopt/298
SPCA,Dog,M,Blackberry,https://main.spca.org.hk/ASPNET2/Adoption/chi/homing_detail_s1_new6.aspx?number=500601,https://www.facebook.com/siuyeongHKAdopt/posts/234822061645526,https://www.instagram.com/p/CK3sqX4APZl/,https://t.me/siuyeongHKAdopt/297
Paws United Charity,Dog,N/A,Lawrey & Larra,https://www.instagram.com/p/CKwJ3YxD9d_/,https://www.facebook.com/siuyeongHKAdopt/posts/234192038375195,https://www.instagram.com/p/CK1JDvkg2LN/,https://t.me/siuyeongHKAdopt/296
HKSCDA,Cat,M,麵麵,https://hkscda.com/animal/id/1840,https://www.facebook.com/siuyeongHKAdopt/posts/233385258455873,https://www.instagram.com/p/CKyiDivAbQC/,https://t.me/siuyeongHKAdopt/295
SAA,Cat,F,Chives,https://www.saa.org.hk/zh/ad_detail.php?id=157,https://www.facebook.com/siuyeongHKAdopt/posts/232771011850631,https://www.instagram.com/p/CKwCdpagJGF/,https://t.me/siuyeongHKAdopt/294
HKAAC,Cat,F,Joyce,https://www.hk-aac.org.hk/貓狗領養?product_id=1660,https://www.facebook.com/siuyeongHKAdopt/posts/231962351931497,https://www.instagram.com/p/CKs0PuJA26l/,https://t.me/siuyeongHKAdopt/293
HKHERP,Turtle,M,木木,https://www.hkherp.org.hk/product-page/斑龜-木木,https://www.facebook.com/siuyeongHKAdopt/posts/231335951994137,https://www.instagram.com/p/CKqRVcjg9fj/,https://t.me/siuyeongHKAdopt/292
Hong Kong Rabit Society,Rabbit,F,Roxie,https://www.hkrabbit.org/?cat=4&rabbitID=18397,https://www.facebook.com/siuyeongHKAdopt/posts/230770258717373,https://www.instagram.com/p/CKoQkS-gKJ-/,https://t.me/siuyeongHKAdopt/291
Hong Kong Dog Rescue,Dog,M,Bertie,https://hongkongdogrescue.com/dogs/bertie/,https://www.facebook.com/siuyeongHKAdopt/posts/230149505446115,https://www.instagram.com/p/CKlp14agqIS/,https://t.me/siuyeongHKAdopt/290
SPCA,Dog,M,小黑,https://main.spca.org.hk/ASPNET2/Adoption/chi/homing_detail_s1_new6.aspx?number=482115,https://www.facebook.com/siuyeongHKAdopt/posts/229560315505034,https://www.instagram.com/p/CKjOKlFAlTV/,https://t.me/siuyeongHKAdopt/289
Paws United Charity,Dog,M,George,https://www.instagram.com/p/CKf2w2fjqXz/,https://www.facebook.com/siuyeongHKAdopt/posts/228927352234997,https://www.instagram.com/p/CKgoNSBA2I1/,https://t.me/siuyeongHKAdopt/288
HKSCDA,Cat,M,Fluffy,https://hkscda.com/animal/id/1811,https://www.facebook.com/siuyeongHKAdopt/posts/228218485639217,https://www.instagram.com/p/CKd-nLdg4NM/,https://t.me/siuyeongHKAdopt/287
SAA,Cat,M,Mago,https://www.saa.org.hk/zh/ad_detail.php?id=158,https://www.facebook.com/siuyeongHKAdopt/posts/227422232385509,https://www.instagram.com/p/CKbBzIQguEl/,https://t.me/siuyeongHKAdopt/286
HKAAC,Dog,M,斑斑,https://www.hk-aac.org.hk/貓狗領養?product_id=1646,https://www.facebook.com/siuyeongHKAdopt/posts/226755899118809,https://www.instagram.com/p/CKYgs7GgRx2/,https://t.me/siuyeongHKAdopt/285
HKHERP,Turtle,N/A,小鋸鱷,https://www.hkherp.org.hk/product-page/凸背鱷龜-小鋸鱷,https://www.facebook.com/siuyeongHKAdopt/posts/226175702510162,https://www.instagram.com/p/CKWVbrNgGYA/,https://t.me/siuyeongHKAdopt/284
Hong Kong Rabit Society,Rabbit,M,Solstice,https://www.hkrabbit.org/?cat=4&rabbitID=18313,https://www.facebook.com/siuyeongHKAdopt/posts/225470272580705,https://www.instagram.com/p/CKTqw7Cgapt/,https://t.me/siuyeongHKAdopt/283
Hong Kong Dog Rescue,Dog,M,Cheerio,https://hongkongdogrescue.com/dogs/cheerio/,https://www.facebook.com/siuyeongHKAdopt/posts/224822512645481,https://www.instagram.com/p/CKRDi5IAOgJ/,https://t.me/siuyeongHKAdopt/282
SPCA,Turtle,N/A,Beavis,https://main.spca.org.hk/ASPNET2/Adoption/chi/homing_detail_s1_new6.aspx?number=499440,https://www.facebook.com/siuyeongHKAdopt/posts/224168609377538,https://www.instagram.com/p/CKOgprggCPq/,https://t.me/siuyeongHKAdopt/281
Paws United Charity,Dog,F,Camilia,https://www.instagram.com/p/CKGqk7DjwWR/,https://www.facebook.com/siuyeongHKAdopt/posts/223536539440745,https://www.instagram.com/p/CKL-gzgAlmi/,https://t.me/siuyeongHKAdopt/280
HKSCDA,Cat,F,Sweetie,https://hkscda.com/animal/id/1812,https://www.facebook.com/siuyeongHKAdopt/posts/222784436182622,https://www.instagram.com/p/CKIu_hQgU76/,https://t.me/siuyeongHKAdopt/279
SAA,Cat,F,Marie,https://www.saa.org.hk/zh/ad_detail.php?id=160,https://www.facebook.com/siuyeongHKAdopt/posts/222182992909433,https://www.instagram.com/p/CKGcgBTAYW_/,https://t.me/siuyeongHKAdopt/278
HKAAC,Cat,M,飛仔,https://www.hk-aac.org.hk/貓狗領養?product_id=1640,https://www.facebook.com/siuyeongHKAdopt/posts/221655176295548,https://www.instagram.com/p/CKEPn6jgCUS/,https://t.me/siuyeongHKAdopt/277
HKHERP,Turtle,F,二二,https://www.hkherp.org.hk/product-page/巴西龜-二二,https://www.facebook.com/siuyeongHKAdopt/posts/220962716364794,https://www.instagram.com/p/CKBmej5AUbq/,https://t.me/siuyeongHKAdopt/276
Hong Kong Rabit Society,Rabbit,M,Earl,https://www.hkrabbit.org/?cat=4&rabbitID=18302,https://www.facebook.com/siuyeongHKAdopt/posts/220352513092481,https://www.instagram.com/p/CJ_HfjJgXYj/,https://t.me/siuyeongHKAdopt/275
Hong Kong Dog Rescue,Dog,M,Ned,https://hongkongdogrescue.com/dogs/Ned/,https://www.facebook.com/siuyeongHKAdopt/posts/219625459831853,https://www.instagram.com/p/CJ8dJ_8Awq4/,https://t.me/siuyeongHKAdopt/274
SPCA,Dog,F,Nefertiti,https://main.spca.org.hk/ASPNET2/Adoption/chi/homing_detail_s1_new6.aspx?number=491506,https://www.facebook.com/siuyeongHKAdopt/posts/219012046559861,https://www.instagram.com/p/CJ53d0zAlPz/,https://t.me/siuyeongHKAdopt/273
Paws United Charity,Dog,M,Kojo,https://www.instagram.com/p/CJ0YWXRj2iQ/,https://www.facebook.com/siuyeongHKAdopt/posts/218168973310835,https://www.instagram.com/p/CJ2u_ZzAoBT/,https://t.me/siuyeongHKAdopt/272
HKSCDA,Cat,F,山竹,https://hkscda.com/animal/id/1800,https://www.facebook.com/siuyeongHKAdopt/posts/217577880036611,https://www.instagram.com/p/CJ0aUdFAITA/,https://t.me/siuyeongHKAdopt/271
SAA,Cat,F,士多啤梨,https://www.saa.org.hk/zh/ad_detail.php?id=163,https://www.facebook.com/siuyeongHKAdopt/posts/217017930092606,https://www.instagram.com/p/CJyNbsKAsF_/,https://t.me/siuyeongHKAdopt/270
HKAAC,Cat,M,阿B,https://www.hk-aac.org.hk/貓狗領養?product_id=1641,https://www.facebook.com/siuyeongHKAdopt/posts/216320126829053,https://www.instagram.com/p/CJvmDB2AuCr/,https://t.me/siuyeongHKAdopt/269
HKHERP,Snake,N/A,驚Chan,https://www.hkherp.org.hk/product-page/粟米蛇-驚chan,https://www.facebook.com/siuyeongHKAdopt/posts/215613726899693,https://www.instagram.com/p/CJtA9B_AQKM/,https://t.me/siuyeongHKAdopt/268
Hong Kong Rabit Society,Rabbit,M,Gizmo,https://www.hkrabbit.org/?cat=4&rabbitID=18278,https://www.facebook.com/siuyeongHKAdopt/posts/214922466968819,https://www.instagram.com/p/CJqiIFrg72x/,https://t.me/siuyeongHKAdopt/267
Hong Kong Dog Rescue,Dog,M,Cider,https://hongkongdogrescue.com/dogs/Cider/,https://www.facebook.com/siuyeongHKAdopt/posts/214171563710576,https://www.instagram.com/p/CJn3V3kgBYK/,https://t.me/siuyeongHKAdopt/266
SPCA,Cat,F,Siu Oi,https://main.spca.org.hk/ASPNET2/Adoption/chi/homing_detail_s1_new6.aspx?number=493283,https://www.facebook.com/siuyeongHKAdopt/posts/213284880465911,https://www.instagram.com/p/CJkk1G7AApl/,https://t.me/siuyeongHKAdopt/265
Paws United Charity,Cat,F,Stacey,https://www.instagram.com/p/CJgRaI2DelA/,https://www.facebook.com/siuyeongHKAdopt/posts/212675043860228,https://www.instagram.com/p/CJiFe4yArmU/,https://t.me/siuyeongHKAdopt/264
HKSCDA,Cat,F,Marice,https://hkscda.com/animal/id/1791,https://www.facebook.com/siuyeongHKAdopt/posts/211998660594533,https://www.instagram.com/p/CJfgDwuAN8_/,https://t.me/siuyeongHKAdopt/263
SAA,Cat,F,Lan Mui,https://www.saa.org.hk/zh/ad_detail.php?id=166,https://www.facebook.com/siuyeongHKAdopt/posts/211432030651196,https://www.instagram.com/p/CJd13NQA9x_/,https://t.me/siuyeongHKAdopt/262
HKAAC,Cat,M,Lolo,https://www.hk-aac.org.hk/貓狗領養?product_id=1639,https://www.facebook.com/siuyeongHKAdopt/posts/210658060728593,https://www.instagram.com/p/CJa_OTwA1zu/,https://t.me/siuyeongHKAdopt/261
HKHERP,Turtle,N/A,四四,https://www.hkherp.org.hk/product-page/巴西龜-四四,https://www.facebook.com/siuyeongHKAdopt/posts/210024597458606,https://www.instagram.com/p/CJYgreDgx9y/,https://t.me/siuyeongHKAdopt/260
Hong Kong Rabit Society,Rabbit,M,Hargow,https://www.hkrabbit.org/?cat=4&rabbitID=18258,https://www.facebook.com/siuyeongHKAdopt/posts/209261544201578,https://www.instagram.com/p/CJVz_NmAA4R/,https://t.me/siuyeongHKAdopt/259
Hong Kong Dog Rescue,Dog,M,Ernie,https://hongkongdogrescue.com/dogs/Ernie/,https://www.facebook.com/siuyeongHKAdopt/posts/208502484277484,https://www.instagram.com/p/CJSvHaDAi7r/,https://t.me/siuyeongHKAdopt/258
SPCA,Dog,M,Dor Dor,https://main.spca.org.hk/ASPNET2/Adoption/chi/homing_detail_s1_new6.aspx?number=490796,https://www.facebook.com/siuyeongHKAdopt/posts/207846851009714,https://www.instagram.com/p/CJQHxKXAbes/,https://t.me/siuyeongHKAdopt/257
Paws United Charity,Cat,N/A,Villa & Valar,https://www.instagram.com/p/CJLQauqDmeI/,https://www.facebook.com/siuyeongHKAdopt/posts/207155521078847,https://www.instagram.com/p/CJNfhvEgRy7/,https://t.me/siuyeongHKAdopt/256
HKSCDA,Cat,M,Mallow,https://hkscda.com/animal/id/1779,https://www.facebook.com/siuyeongHKAdopt/posts/206548401139559,https://www.instagram.com/p/CJLcksYgYye/,https://t.me/siuyeongHKAdopt/255
SAA,Cat,F,Fi Fi,https://www.saa.org.hk/zh/ad_detail.php?id=167,https://www.facebook.com/siuyeongHKAdopt/posts/205920357869030,https://www.instagram.com/p/CJI7n9lg6sS/,https://t.me/siuyeongHKAdopt/254
HKAAC,Dog,F,Sasa,https://www.hk-aac.org.hk/貓狗領養?product_id=1618,https://www.facebook.com/siuyeongHKAdopt/posts/205290417932024,https://www.instagram.com/p/CJGbUZtgtp-/,https://t.me/siuyeongHKAdopt/253
HKHERP,Turtle,N/A,八八,https://www.hkherp.org.hk/product-page/紅耳龜-八八,https://www.facebook.com/siuyeongHKAdopt/posts/204595498001516,https://www.instagram.com/p/CJDygvXATHP/,https://t.me/siuyeongHKAdopt/252
Hong Kong Rabit Society,Rabbit,F,Shaomai,https://www.hkrabbit.org/?cat=4&rabbitID=18256,https://www.facebook.com/siuyeongHKAdopt/posts/203969938064072,https://www.instagram.com/p/CJBQso5A3Pn/,https://t.me/siuyeongHKAdopt/251
Hong Kong Dog Rescue,Dog,M,Ned,https://hongkongdogrescue.com/dogs/Ned/,https://www.facebook.com/siuyeongHKAdopt/posts/203780404749692,https://www.instagram.com/p/CJAndkAA6ye/,https://t.me/siuyeongHKAdopt/250
SPCA,Dog,F,Hailey,https://main.spca.org.hk/ASPNET2/Adoption/chi/homing_detail_s1_new6.aspx?number=494223,https://www.facebook.com/siuyeongHKAdopt/posts/203172234810509,https://www.instagram.com/p/CI-PzypA1aQ/,https://t.me/siuyeongHKAdopt/249
Paws United Charity,Dog,M,Welch,https://www.instagram.com/p/CI8AdQIjOtQ/,https://www.facebook.com/siuyeongHKAdopt/posts/202546201539779,https://www.instagram.com/p/CI8IH96g0HW/,https://t.me/siuyeongHKAdopt/248
HKSCDA,Cat,M,Burney,https://hkscda.com/animal/id/1766,https://www.facebook.com/siuyeongHKAdopt/posts/201822901612109,https://www.instagram.com/p/CI5gmZ7AsIs/,https://t.me/siuyeongHKAdopt/247
SAA,Cat,F,Tiger,https://www.saa.org.hk/zh/ad_detail.php?id=168,https://www.facebook.com/siuyeongHKAdopt/posts/201082048352861,https://www.instagram.com/p/CI27tS3At7G/,https://t.me/siuyeongHKAdopt/246
HKAAC,Dog,M,福仔,https://www.hk-aac.org.hk/貓狗領養?product_id=1633,https://www.facebook.com/siuyeongHKAdopt/posts/200344248426641,https://www.instagram.com/p/CI0YCD5gN4M/,https://t.me/siuyeongHKAdopt/245
HKHERP,Turtle,N/A,小豆,https://www.hkherp.org.hk/product-page/紅耳龜-小豆,https://www.facebook.com/siuyeongHKAdopt/posts/199609458500120,https://www.instagram.com/p/CIxyrTUgLEM/,https://t.me/siuyeongHKAdopt/244
Hong Kong Rabit Society,Rabbit,M,Cracker,https://www.hkrabbit.org/?cat=4&rabbitID=18227,https://www.facebook.com/siuyeongHKAdopt/posts/198471061947293,https://www.instagram.com/p/CIuNIfigHIj/,https://t.me/siuyeongHKAdopt/243
Hong Kong Dog Rescue,Dog,F,Mona,https://hongkongdogrescue.com/dogs/mona-2/,https://www.facebook.com/siuyeongHKAdopt/posts/197757282018671,https://www.instagram.com/p/CIsANzogoL4/,https://t.me/siuyeongHKAdopt/242
SPCA,Dog,F,Agumon,https://main.spca.org.hk/ASPNET2/Adoption/chi/homing_detail_s1_new6.aspx?number=487479,https://www.facebook.com/siuyeongHKAdopt/posts/196962872098112,https://www.instagram.com/p/CIpXaeGH_tX/,https://t.me/siuyeongHKAdopt/241
Paws United Charity,Cat,F,Sela,https://www.instagram.com/p/CIlRRxdjMeE/,https://www.facebook.com/siuyeongHKAdopt/posts/196446268816439,https://www.instagram.com/p/CInjqjNnsg0/,https://t.me/siuyeongHKAdopt/240
HKSCDA,Cat,F,Mercy,https://hkscda.com/animal/id/1756,https://www.facebook.com/siuyeongHKAdopt/posts/195728998888166,https://www.instagram.com/p/CIk8rFQAZk4/,https://t.me/siuyeongHKAdopt/239
SAA,Cat,M,綠茶,https://www.saa.org.hk/zh/ad_detail.php?id=170,https://www.facebook.com/siuyeongHKAdopt/posts/194961422298257,https://www.instagram.com/p/CIiaZtugsLa/,https://t.me/siuyeongHKAdopt/238
HKAAC,Dog,M,Bud Bud,https://www.hk-aac.org.hk/貓狗領養?product_id=1119,https://www.facebook.com/siuyeongHKAdopt/posts/194165369044529,https://www.instagram.com/p/CIfwhdPAo4m/,https://t.me/siuyeongHKAdopt/237
HKHERP,Turtle,N/A,呀草,https://www.hkherp.org.hk/product-page/草龜-呀草,https://www.facebook.com/siuyeongHKAdopt/posts/193146655813067,https://www.instagram.com/p/CIcOfeZgara/,https://t.me/siuyeongHKAdopt/236
Hong Kong Rabit Society,Rabbit,M,Maltose,https://www.hkrabbit.org/?cat=4&rabbitID=18217,https://www.facebook.com/siuyeongHKAdopt/posts/192583672536032,https://www.instagram.com/p/CIaWjqZgETy/,https://t.me/siuyeongHKAdopt/235
HKPAWS,Dog,M,Chuck,https://fb.com/hkpaws/posts/3618054854907879,https://www.facebook.com/siuyeongHKAdopt/posts/192460272548372,https://www.instagram.com/p/CIZ7_qbANY7/,https://t.me/siuyeongHKAdopt/234
Love Adopt Animal Society,Dog,F,Sylvian,https://fb.com/laas.hkg/posts/2719973004922895,https://www.facebook.com/siuyeongHKAdopt/posts/191899099271156,https://www.instagram.com/p/CIX-0NjAuly/,https://t.me/siuyeongHKAdopt/233
Hong Kong Dog Rescue,Dog,F,Meg,https://hongkongdogrescue.com/dogs/meg/,https://www.facebook.com/siuyeongHKAdopt/posts/191082882686111,https://www.instagram.com/p/CIVa7L3g34B/,https://t.me/siuyeongHKAdopt/232
SPCA,Cat,F,Odyssey,https://main.spca.org.hk/ASPNET2/Adoption/chi/homing_detail_s1_new6.aspx?number=495341,https://www.facebook.com/siuyeongHKAdopt/posts/190379549423111,https://www.instagram.com/p/CIS4U3agC8b/,https://t.me/siuyeongHKAdopt/231
Paws United Charity,Dog,M,Yossi,https://www.instagram.com/p/CIPa5ACDQQ8/,https://www.facebook.com/siuyeongHKAdopt/posts/189624936165239,https://www.instagram.com/p/CIQURe4g-wW/,https://t.me/siuyeongHKAdopt/230
HKSCDA,Cat,M,Clad,https://hkscda.com/animal/id/1709,https://www.facebook.com/siuyeongHKAdopt/posts/189497596177973,https://www.instagram.com/p/CIP307cgaJT/,https://t.me/siuyeongHKAdopt/229
SAA,Cat,M,迎春,https://www.saa.org.hk/zh/ad_detail.php?id=171,https://www.facebook.com/siuyeongHKAdopt/posts/188856616242071,https://www.instagram.com/p/CINuk9cA04v/,https://t.me/siuyeongHKAdopt/228
HKAAC,Cat,M,星仔,https://www.hk-aac.org.hk/貓狗領養?product_id=1621,https://www.facebook.com/siuyeongHKAdopt/posts/187984296329303,https://www.instagram.com/p/CILDGJ2gT9M/,https://t.me/siuyeongHKAdopt/227
HKHERP,Turtle,N/A,五五,https://www.hkherp.org.hk/product-page/紅耳龜-五五,https://www.facebook.com/siuyeongHKAdopt/posts/187892383005161,https://www.instagram.com/p/CIKw7T_gq68/,https://t.me/siuyeongHKAdopt/226
Hong Kong Rabit Society,Rabbit,M,Paste,https://www.hkrabbit.org/?cat=4&rabbitID=18207,https://www.facebook.com/siuyeongHKAdopt/posts/187731046354628,https://www.instagram.com/p/CIKPtTzATRf/,https://t.me/siuyeongHKAdopt/225
HKPAWS,Dog,F,Jasmine,https://www.hkpaws.org/dogs-gallery-blog/puppy2-twce6-n95re-nm9zg,https://www.facebook.com/siuyeongHKAdopt/posts/187202766407456,https://www.instagram.com/p/CIIg3OWAgGv/,https://t.me/siuyeongHKAdopt/224
Love Adopt Animal Society,Dog,F,Julian,https://fb.com/laas.hkg/posts/2719980731588789,https://www.facebook.com/siuyeongHKAdopt/posts/187065486421184,https://www.instagram.com/p/CIIB3hegnhP/,https://t.me/siuyeongHKAdopt/223
House of Joy & Mercy,Dog,M,椒椒,https://hk.appledaily.com/lifestyle/20201128/FIDB6LFNGNDSBFUC2BYVWS6BPM/,https://www.facebook.com/siuyeongHKAdopt/posts/186962033098196,https://www.instagram.com/p/CIHq6Ljgt5f/,https://t.me/siuyeongHKAdopt/222
Hong Kong Dog Rescue,Dog,F,Matrix,https://hongkongdogrescue.com/dogs/matrix/,https://www.facebook.com/siuyeongHKAdopt/posts/186553806472352,https://www.instagram.com/p/CIGPCwfAgtH/,https://t.me/siuyeongHKAdopt/221
SPCA,Cat,M,Garfield,https://main.spca.org.hk/ASPNET2/Adoption/chi/homing_detail_s1_new6.aspx?number=378106,https://www.facebook.com/siuyeongHKAdopt/posts/186180903176309,https://www.instagram.com/p/CIFlGBMAE-h/,https://t.me/siuyeongHKAdopt/220
Paws United Charity,Cat,F,Hilly,https://www.instagram.com/p/CIDDPOfjQ6d/,https://www.facebook.com/siuyeongHKAdopt/posts/186021329858933,https://www.instagram.com/p/CIE_ByKglm6/,https://t.me/siuyeongHKAdopt/219
HKSCDA,Cat,F,窗簾店媽媽,https://hkscda.com/animal/id/1710,https://www.facebook.com/siuyeongHKAdopt/posts/185555999905466,https://www.instagram.com/p/CIDdyQugOpE/,https://t.me/siuyeongHKAdopt/218
SAA,Cat,F,Bailey,https://www.saa.org.hk/zh/ad_detail.php?id=219,https://www.facebook.com/siuyeongHKAdopt/posts/185343899926676,https://www.instagram.com/p/CICyDdMgXiv/,https://t.me/siuyeongHKAdopt/217
HKAAC,Cat,F,Moonie,https://www.hk-aac.org.hk/貓狗領養?product_id=1627,https://www.facebook.com/siuyeongHKAdopt/posts/184593553335044,https://www.instagram.com/p/CIAoGiwgMjn/,https://t.me/siuyeongHKAdopt/216
HKHERP,Turtle,N/A,綿花,https://www.hkherp.org.hk/product-page/刀背蛋龜-綿花,https://www.facebook.com/siuyeongHKAdopt/posts/183902953404104,https://www.instagram.com/p/CH-SSvUAMKh/,https://t.me/siuyeongHKAdopt/215
Hong Kong Rabit Society,Rabbit,M,Copy,https://www.hkrabbit.org/?cat=4&rabbitID=18205,https://www.facebook.com/siuyeongHKAdopt/posts/183726510088415,https://www.instagram.com/p/CH9prFnAbE7/,https://t.me/siuyeongHKAdopt/214
HKPAWS,Dog,M,Albus,https://www.hkpaws.org/dogs-gallery-blog/puppy1-s7rzn,https://www.facebook.com/siuyeongHKAdopt/posts/183152396812493,https://www.instagram.com/p/CH7titGA1nM/,https://t.me/siuyeongHKAdopt/213
Love Adopt Animal Society,Dog,F,Vivian,https://fb.com/laas.hkg/posts/2719983034921892,https://www.facebook.com/siuyeongHKAdopt/posts/182960276831705,https://www.instagram.com/p/CH7AkktAIeW/,https://t.me/siuyeongHKAdopt/212
House of Joy & Mercy,Dog,F,MOON MOON,https://hk.appledaily.com/lifestyle/20201121/7O4RLGBVEFFSDC4RSDCXGKW6OU/,https://www.facebook.com/siuyeongHKAdopt/posts/182099856917747,https://www.instagram.com/p/CH4boOWgzMK/,https://t.me/siuyeongHKAdopt/211
Hong Kong Dog Rescue,Dog,M,Nemo,https://hongkongdogrescue.com/dogs/nemo/,https://www.facebook.com/siuyeongHKAdopt/posts/181974636930269,https://www.instagram.com/p/CH4E8LnA-HA/,https://t.me/siuyeongHKAdopt/210
SPCA,Dog,M,Ricy,https://main.spca.org.hk/ASPNET2/Adoption/chi/homing_detail_s1_new6.aspx?number=492628,https://www.facebook.com/siuyeongHKAdopt/posts/181326133661786,https://www.instagram.com/p/CH2RYxpgh5J/,https://t.me/siuyeongHKAdopt/209
Paws United Charity,Dog,F,Helena,https://www.instagram.com/p/CHxTW4dDeSd/,https://www.facebook.com/siuyeongHKAdopt/posts/180672703727129,https://www.instagram.com/p/CH0D68qALKB/,https://t.me/siuyeongHKAdopt/208
HKSCDA,Cat,M,Benji,https://hkscda.com/animal/id/1694,https://www.facebook.com/siuyeongHKAdopt/posts/180385870422479,https://www.instagram.com/p/CHzEzAopeuK/,https://t.me/siuyeongHKAdopt/207
SAA,Cat,F,Niu Niu,https://www.saa.org.hk/zh/ad_detail.php?id=227,https://www.facebook.com/siuyeongHKAdopt/posts/179294190531647,https://www.instagram.com/p/CHxewXjACXW/,https://t.me/siuyeongHKAdopt/206
HKAAC,Cat,F,Lulu,https://www.hk-aac.org.hk/貓狗領養?product_id=1628,https://www.facebook.com/siuyeongHKAdopt/posts/178999713894428,https://www.instagram.com/p/CHwfNtXA2vq/,https://t.me/siuyeongHKAdopt/205
HKHERP,Turtle,N/A,小鋸鱷,https://www.hkherp.org.hk/product-page/凸背鱷龜-小鋸鱷,https://www.facebook.com/siuyeongHKAdopt/posts/178346720626394,https://www.instagram.com/p/CHuW59FA3pj/,https://t.me/siuyeongHKAdopt/204
Hong Kong Rabit Society,Rabbit,F,Hotcake,https://www.hkrabbit.org/?cat=4&rabbitID=18172,https://www.facebook.com/siuyeongHKAdopt/posts/177848700676196,https://www.instagram.com/p/CHsMRAbguK7/,https://t.me/siuyeongHKAdopt/203
HKPAWS,Dog,M,Cooper,https://fb.com/hkpaws/posts/3563154503731248,https://www.facebook.com/siuyeongHKAdopt/posts/177453447382388,https://www.instagram.com/p/CHp6sZJAzXk/,https://t.me/siuyeongHKAdopt/202
Love Adopt Animal Society,Dog,F,花姐,https://fb.com/laas.hkg/posts/2692713764315486,https://www.facebook.com/siuyeongHKAdopt/posts/176635390797527,https://www.instagram.com/p/CHmwMP-gFmx/,https://t.me/siuyeongHKAdopt/201
House of Joy & Mercy,Dog,M,Dobby,https://fb.com/housejoymercy/posts/5106124952734641,https://www.facebook.com/siuyeongHKAdopt/posts/176470927480640,https://www.instagram.com/p/CHmMu_Pgl4r/,https://t.me/siuyeongHKAdopt/200
Hong Kong Dog Rescue,Dog,F,Sadie,https://hongkongdogrescue.com/dogs/sadie-2/,https://www.facebook.com/siuyeongHKAdopt/posts/175991270861939,https://www.instagram.com/p/CHkl0VAArzT/,https://t.me/siuyeongHKAdopt/199
SPCA,Dog,F,Sniff,https://main.spca.org.hk/ASPNET2/Adoption/chi/homing_detail_s1_new6.aspx?number=457971,https://www.facebook.com/siuyeongHKAdopt/posts/175852710875795,https://www.instagram.com/p/CHjn7CVAl8U/,https://t.me/siuyeongHKAdopt/198
Paws United Charity,Dog,M,Ruxin,https://www.instagram.com/p/CHfMYdLjg5R/,https://www.facebook.com/siuyeongHKAdopt/posts/175581020902964,https://www.instagram.com/p/CHiL0uzgyeG/,https://t.me/siuyeongHKAdopt/197
HKSCDA,Cat,M,Phil,https://hkscda.com/animal/id/1653,https://www.facebook.com/siuyeongHKAdopt/posts/175491007578632,https://www.instagram.com/p/CHhe4fqAaz7/,https://t.me/siuyeongHKAdopt/196
SAA,Cat,M,麥嘜,https://www.saa.org.hk/zh/ad_detail.php?id=265,https://www.facebook.com/siuyeongHKAdopt/posts/175455804248819,https://www.instagram.com/p/CHhH4xwA_G5/,https://t.me/siuyeongHKAdopt/195
HKAAC,Cat,F,大眼妹,https://www.hk-aac.org.hk/貓狗領養?product_id=1622,https://www.facebook.com/siuyeongHKAdopt/posts/175082637619469,https://www.instagram.com/p/CHfbuMWgn1r/,https://t.me/siuyeongHKAdopt/194
HKHERP,Turtle,N/A,珍寶豬,https://www.hkherp.org.hk/product-page/平背鱷魚龜-珍寶豬,https://www.facebook.com/siuyeongHKAdopt/posts/174775637650169,https://www.instagram.com/p/CHczjxvAbaE/,https://t.me/siuyeongHKAdopt/193
Hong Kong Rabit Society,Rabbit,F,Omelet,https://www.hkrabbit.org/?cat=4&rabbitID=18159,https://www.facebook.com/siuyeongHKAdopt/posts/174348944359505,https://www.instagram.com/p/CHaQveGAwO-/,https://t.me/siuyeongHKAdopt/192
HKPAWS,Dog,M,Teddy,https://fb.com/hkpaws/posts/3546517345394964,https://www.facebook.com/siuyeongHKAdopt/posts/173489711112095,https://www.instagram.com/p/CHXml0kAx-H/,https://t.me/siuyeongHKAdopt/191
Love Adopt Animal Society,Dog,M,大豹,https://fb.com/laas.hkg/posts/2692713764315486,https://www.facebook.com/siuyeongHKAdopt/posts/173070507820682,https://www.instagram.com/p/CHVQbWPgjIl/,https://t.me/siuyeongHKAdopt/190
House of Joy & Mercy,Dog,M,迪迪仔,https://hk.appledaily.com/lifestyle/20200923/CDI3PI3WFZCEVDO3KBSJEM233U/,https://www.facebook.com/siuyeongHKAdopt/posts/172754194518980,https://www.instagram.com/p/CHUMFRyJCEV/,https://t.me/siuyeongHKAdopt/189
Hong Kong Dog Rescue,Dog,M,Jerry,https://hongkongdogrescue.com/dogs/Jerry/,https://www.facebook.com/siuyeongHKAdopt/posts/172149307912802,https://www.instagram.com/p/CHSXNNoA2sB/,https://t.me/siuyeongHKAdopt/188
SPCA,Dog,F,Oreo,https://main.spca.org.hk/ASPNET2/Adoption/chi/homing_detail_s1_new6.aspx?number=490465,https://www.facebook.com/siuyeongHKAdopt/posts/172065911254475,https://www.instagram.com/p/CHRrc-RpwDy/,https://t.me/siuyeongHKAdopt/187
Paws United Charity,Cat,F,Simone,https://www.instagram.com/p/CHM7990DOsU/,https://www.facebook.com/siuyeongHKAdopt/posts/171423477985385,https://www.instagram.com/p/CHP9ityAHP9/,https://t.me/siuyeongHKAdopt/186
HKSCDA,Cat,M,炭仔,https://hkscda.com/animal/id/1657,https://www.facebook.com/siuyeongHKAdopt/posts/171068751354191,https://www.instagram.com/p/CHNUdRqAgff/,https://t.me/siuyeongHKAdopt/185
SAA,Cat,M,麥兒,https://www.saa.org.hk/zh/ad_detail.php?id=267,https://www.facebook.com/siuyeongHKAdopt/posts/170625598065173,https://www.instagram.com/p/CHKvi4TALeO/,https://t.me/siuyeongHKAdopt/183
HKAAC,Dog,F,Apple,https://www.hk-aac.org.hk/貓狗領養?product_id=1585,https://www.facebook.com/siuyeongHKAdopt/posts/170234778104255,https://www.instagram.com/p/CHIOt6ZAbm4/,https://t.me/siuyeongHKAdopt/181
HKHERP,Turtle,N/A,朱古力,https://www.hkherp.org.hk/product-page/甜甜圈龜-朱古力,https://www.facebook.com/siuyeongHKAdopt/posts/169935441467522,https://www.instagram.com/p/CHFopdogSKZ/,https://t.me/siuyeongHKAdopt/180
Hong Kong Rabit Society,Rabbit,M,Taco,https://www.hkrabbit.org/?cat=4&rabbitID=17067,https://www.facebook.com/siuyeongHKAdopt/posts/169563191504747,https://www.instagram.com/p/CHCt7gsgqvw/,https://t.me/siuyeongHKAdopt/179
HKPAWS,Cat,M,Elliot,https://fb.com/hkpaws/posts/3523795997667099,https://www.facebook.com/siuyeongHKAdopt/posts/169210794873320,https://www.instagram.com/p/CHCGtc1p9U2/,https://t.me/siuyeongHKAdopt/178
Love Adopt Animal Society,Dog,F,Poppy,https://fb.com/laas.hkg/posts/2692713764315486,https://www.facebook.com/siuyeongHKAdopt/posts/168991024895297,https://www.instagram.com/p/CHAa2DxgBVw/,https://t.me/siuyeongHKAdopt/177
House of Joy & Mercy,Dog,F,阿B,https://hk.appledaily.com/lifestyle/20201031/BH5SGJ3ZAFANHM7B46HIFRMJVU/,https://www.facebook.com/siuyeongHKAdopt/posts/168890151572051,https://www.instagram.com/p/CG_pdwpJ-Wg/,https://t.me/siuyeongHKAdopt/176
Hong Kong Dog Rescue,Dog,M,Victor,https://hongkongdogrescue.com/dogs/victor/,https://www.facebook.com/siuyeongHKAdopt/posts/168661054928294,https://www.instagram.com/p/CG99obUpyIk/,https://t.me/siuyeongHKAdopt/175
SPCA,Turtle,M,Shelly,https://main.spca.org.hk/ASPNET2/Adoption/chi/homing_detail_s1_new6.aspx?number=491033,https://www.facebook.com/siuyeongHKAdopt/posts/168539864940413,https://www.instagram.com/p/CG9PV_MgWwz/,https://t.me/siuyeongHKAdopt/174
Paws United Charity,Dog,F,Pammy,https://instagr.am/p/CGzzSlHD_4l/,https://www.facebook.com/siuyeongHKAdopt/posts/168477838279949,https://www.instagram.com/p/CG8xtQlpz0c/,https://t.me/siuyeongHKAdopt/172
HKSCDA,Cat,F,水仙,https://hkscda.com/animal/id/1632,https://www.facebook.com/siuyeongHKAdopt/posts/167997374994662,https://www.instagram.com/p/CG42SLeA3Ix/,https://t.me/siuyeongHKAdopt/171
SAA,Cat,M,咕嚕,https://www.saa.org.hk/zh/ad_detail.php?id=282,https://www.facebook.com/siuyeongHKAdopt/posts/167233515071048,https://www.instagram.com/p/CG2PTQtgOkh/,https://t.me/siuyeongHKAdopt/170
HKAAC,Cat,M,嘉菲,https://www.hk-aac.org.hk/貓狗領養?product_id=1607,https://www.facebook.com/siuyeongHKAdopt/posts/166492045145195,https://www.instagram.com/p/CGz74QbAGdR/,https://t.me/siuyeongHKAdopt/169
HKHERP,Snake,N/A,蛇姬,https://www.hkherp.org.hk/product-page/日本鼠蛇-蛇姬,https://www.facebook.com/siuyeongHKAdopt/posts/166386851822381,https://www.instagram.com/p/CGzI4cJAfx5/,https://t.me/siuyeongHKAdopt/166
Hong Kong Rabit Society,Rabbit,M,Romeo,https://www.hkrabbit.org/?cat=4&rabbitID=18114,https://www.facebook.com/siuyeongHKAdopt/posts/166346441826422,https://www.instagram.com/p/CGyy6vZAqsh/,https://t.me/siuyeongHKAdopt/165
HKPAWS,Dog,M,Larry,https://www.hkpaws.org/dogs-gallery-blog/puppy4-rgzsw-wck9r-leljm-tzj4x-ekajz-p9n6m,https://www.facebook.com/siuyeongHKAdopt/posts/165993368528396,https://www.instagram.com/p/CGxDFrBp4ib/,https://t.me/siuyeongHKAdopt/162
Love Adopt Animal Society,Cat,M,Bu b,https://fb.com/laas.hkg/posts/2691962911057238,https://www.facebook.com/siuyeongHKAdopt/posts/165973445197055,https://www.instagram.com/p/CGw45UYpUga/,https://t.me/siuyeongHKAdopt/161
House of Joy & Mercy,Dog,M,拾仔,https://hk.appledaily.com/lifestyle/20200926/MKHBFPK64ZCHDF4CCUTHRGJ64M/,https://www.facebook.com/siuyeongHKAdopt/posts/165886138539119,https://www.instagram.com/p/CGwNlRipr0E/,https://t.me/siuyeongHKAdopt/160
Hong Kong Dog Rescue,Dog,M,Mountie,https://hongkongdogrescue.com/dogs/Mountie/,https://www.facebook.com/siuyeongHKAdopt/posts/165884908539242,https://www.instagram.com/p/CGwNBasJwqZ/,https://t.me/siuyeongHKAdopt/159
SPCA,Dog,M,Blue,https://main.spca.org.hk/ASPNET2/Adoption/chi/homing_detail_s1_new6.aspx?number=493421,https://www.facebook.com/siuyeongHKAdopt/posts/165806141880452,https://www.instagram.com/p/CGv6NPDJGvP/,https://t.me/siuyeongHKAdopt/158
Paws United Charity,Dog,F,Posey,https://instagr.am/p/CGpovwljk_Y/,https://www.facebook.com/siuyeongHKAdopt/posts/165360815258318,https://www.instagram.com/p/CGuVpVlpSXw/,https://t.me/siuyeongHKAdopt/157
HKSCDA,Cat,M,Lance,https://hkscda.com/animal/id/1599,https://www.facebook.com/siuyeongHKAdopt/posts/164152665379133,https://www.instagram.com/p/CGr9t86Aj1H/,https://t.me/siuyeongHKAdopt/156
SAA,Cat,F,嘰嘰,https://www.saa.org.hk/zh/ad_detail.php?id=283,https://www.facebook.com/siuyeongHKAdopt/posts/163613632099703,https://www.instagram.com/p/CGpXEVZgVBH/,https://t.me/siuyeongHKAdopt/155
HKAAC,Cat,F,春櫻,https://www.hk-aac.org.hk/貓狗領養?product_id=1613,https://www.facebook.com/siuyeongHKAdopt/posts/163010578826675,https://www.instagram.com/p/CGm0tcSAfEd/,https://t.me/siuyeongHKAdopt/154
HKHERP,Turtle,N/A,Candy,https://www.hkherp.org.hk/product-page/密西西比泥龜-candy,https://www.facebook.com/siuyeongHKAdopt/posts/162692078858525,https://www.instagram.com/p/CGke2wggJvH/,https://t.me/siuyeongHKAdopt/153
Hong Kong Rabit Society,Rabbit,M,Mojito,https://www.hkrabbit.org/?cat=4&rabbitID=18100,https://www.facebook.com/siuyeongHKAdopt/posts/161087609018972,https://www.instagram.com/p/CGhp63sg3TY/,https://t.me/siuyeongHKAdopt/152
House of Joy & Mercy,Dog,M,勒哥,https://hk.appledaily.com/lifestyle/20201014/OWGX7F7355BENBI5AEC7FH4RNY/,https://www.facebook.com/siuyeongHKAdopt/posts/160699832391083,https://www.instagram.com/p/CGes-R1g-Rs/,https://t.me/siuyeongHKAdopt/151
Hong Kong Dog Rescue,Dog,F,Ciara,https://hongkongdogrescue.com/dogs/ciara/,https://www.facebook.com/siuyeongHKAdopt/posts/160647242396342,https://www.instagram.com/p/CGeUYavg7up/,https://t.me/siuyeongHKAdopt/150
SPCA,Dog,F,Na Na,https://main.spca.org.hk/ASPNET2/Adoption/chi/homing_detail_s1_new6.aspx?number=462100,https://www.facebook.com/siuyeongHKAdopt/posts/160096819118051,https://www.instagram.com/p/CGbycxmASlS/,https://t.me/siuyeongHKAdopt/149
Paws United Charity,Dog,F,Portobello,https://instagr.am/p/CGXBUP9j_6i/,https://www.facebook.com/siuyeongHKAdopt/posts/159542089173524,https://www.instagram.com/p/CGZrBJEA1F4/,https://t.me/siuyeongHKAdopt/148
HKSCDA,Dog,M,猛男,https://hkscda.com/animal/id/1584,https://www.facebook.com/siuyeongHKAdopt/posts/159469799180753,https://www.instagram.com/p/CGZFHENA3GN/,https://t.me/siuyeongHKAdopt/147
SAA,Cat,M,大王,https://www.saa.org.hk/zh/ad_detail.php?id=285,https://www.facebook.com/siuyeongHKAdopt/posts/159240489203684,https://www.instagram.com/p/CGXSwuCgy4Y/,https://t.me/siuyeongHKAdopt/146
HKAAC,Cat,F,夢露,https://www.hk-aac.org.hk/貓狗領養?product_id=1608,https://www.facebook.com/siuyeongHKAdopt/posts/158641912596875,https://www.instagram.com/p/CGUrK7tActG/,https://t.me/siuyeongHKAdopt/145
HKHERP,Turtle,N/A,蛋黃,https://www.hkherp.org.hk/product-page/黃耳龜-蛋黃,https://www.facebook.com/siuyeongHKAdopt/posts/158159335978466,https://www.instagram.com/p/CGR6wWPgtmu/,https://t.me/siuyeongHKAdopt/144
Hong Kong Rabit Society,Rabbit,M,Smokey,https://www.hkrabbit.org/?cat=4&rabbitID=17133,https://www.facebook.com/siuyeongHKAdopt/posts/158039919323741,https://www.instagram.com/p/CGRNZ-tgzEJ/,https://t.me/siuyeongHKAdopt/143
House of Joy & Mercy,Dog,M,肥仔,https://hk.appledaily.com/lifestyle/20201009/L2CWQDVL4RBPBIRBR5BNL2QA3A/,https://www.facebook.com/siuyeongHKAdopt/posts/157800642681002,https://www.instagram.com/p/CGPnOkAFhq6/,https://t.me/siuyeongHKAdopt/142
Hong Kong Dog Rescue,Dog,M,Jay,https://hongkongdogrescue.com/dogs/Jay/,https://www.facebook.com/siuyeongHKAdopt/posts/157413026053097,https://www.instagram.com/p/CGM0u3HFBCM/,https://t.me/siuyeongHKAdopt/141
SPCA,鼠,M,Jerry,https://main.spca.org.hk/ASPNET2/Adoption/chi/homing_detail_s1_new6.aspx?number=493032,https://www.facebook.com/siuyeongHKAdopt/posts/157366752724391,https://www.instagram.com/p/CGMYZN_lVLV/,https://t.me/siuyeongHKAdopt/140
Paws United Charity,Dog,F,Hattie,https://instagr.am/p/CGFPAPfDgQT/,https://www.facebook.com/siuyeongHKAdopt/posts/157113299416403,https://www.instagram.com/p/CGKb78-FDVl/,https://t.me/siuyeongHKAdopt/139
HKSCDA,Cat,F,Bowling,https://hkscda.com/animal/id/1572,https://www.facebook.com/siuyeongHKAdopt/posts/157024496091950,https://www.instagram.com/p/CGJwCesFmhy/,https://t.me/siuyeongHKAdopt/138
SAA,Cat,M,Mic Mic,https://www.saa.org.hk/zh/ad_detail.php?id=286,https://www.facebook.com/siuyeongHKAdopt/posts/156725242788542,https://www.instagram.com/p/CGH9duJlLlg/,https://t.me/siuyeongHKAdopt/137
HKAAC,Dog,F,Milk Milk,https://www.hk-aac.org.hk/貓狗領養?product_id=73,https://www.facebook.com/siuyeongHKAdopt/posts/156153209512412,https://www.instagram.com/p/CGFQNV-lx5V/,https://t.me/siuyeongHKAdopt/136
HKHERP,Turtle,M,大眼仔,https://www.hkherp.org.hk/product-page/草龜-大眼仔,https://www.facebook.com/siuyeongHKAdopt/posts/155763816218018,https://www.instagram.com/p/CGCrAncFN8d/,https://t.me/siuyeongHKAdopt/135
Hong Kong Rabit Society,Rabbit,F,Tom Yum,https://www.hkrabbit.org/?cat=4&rabbitID=17433,https://www.facebook.com/siuyeongHKAdopt/posts/155153642945702,https://www.instagram.com/p/CGAHUsHFObq/,https://t.me/siuyeongHKAdopt/133
Hong Kong Dog Rescue,Dog,M,Patch,https://hongkongdogrescue.com/dogs/Patch/,https://www.facebook.com/siuyeongHKAdopt/posts/154820726312327,https://www.instagram.com/p/CF9ily_lIMB/,https://t.me/siuyeongHKAdopt/131
SPCA,Dog,F,Kera,https://main.spca.org.hk/ASPNET2/Adoption/chi/homing_detail_s1_new6.aspx?number=489450,https://www.facebook.com/siuyeongHKAdopt/posts/154237459703987,https://www.instagram.com/p/CF6FZiJl6b4/,https://t.me/siuyeongHKAdopt/130
Hong Kong Dog Rescue,Dog,F,Zack,https://hongkongdogrescue.com/dogs/zack/,https://www.facebook.com/siuyeongHKAdopt/posts/153957333065333,https://www.instagram.com/p/CF3_4zpFu3f/,https://t.me/siuyeongHKAdopt/129
House of Joy & Mercy,Dog,F,Be囡,https://hk.appledaily.com/lifestyle/20201002/OXVQUT7PDFA4FHEFDK3NPTI3EQ/,https://www.facebook.com/siuyeongHKAdopt/posts/153956373065429,https://www.instagram.com/p/CF3_Z1yF4Vu/,https://t.me/siuyeongHKAdopt/128
Hong Kong Abandoned Turtle's Concern Group,Turtle,M,N/A,https://fb.com/permalink.php?story_fbid=1494336230761750&id=595394130655969,https://www.facebook.com/siuyeongHKAdopt/posts/153948523066214,https://www.instagram.com/p/CF38cVBlAR3/,https://t.me/siuyeongHKAdopt/127
Paws United Charity,Cat,M,Babi Gabriel,https://instagr.am/p/CF2Asb1Dp_R/,https://www.facebook.com/siuyeongHKAdopt/posts/153901863070880,https://www.instagram.com/p/CF3iSFJF2xM/,https://t.me/siuyeongHKAdopt/126
HKSCDA,Cat,M,Bam,https://hkscda.com/animal/id/1554,https://www.facebook.com/siuyeongHKAdopt/posts/153662866428113,https://www.instagram.com/p/CF1oEdDlu7E/,https://t.me/siuyeongHKAdopt/125
SAA,Cat,M,Bubble,https://www.saa.org.hk/zh/ad_detail.php?id=174,https://www.facebook.com/siuyeongHKAdopt/posts/153558113105255,https://www.instagram.com/p/CF01TeBFVQY/,https://t.me/siuyeongHKAdopt/124
HKAAC,Dog,M,雞仔,https://www.hk-aac.org.hk/貓狗領養?product_id=1149,https://www.facebook.com/siuyeongHKAdopt/posts/153201049807628,https://www.instagram.com/p/CFyWiHQlzel/,https://t.me/siuyeongHKAdopt/123
HKHERP,Turtle,N/A,圈圈,https://www.hkherp.org.hk/product-page/安布閉殼龜-圈圈,https://www.facebook.com/siuyeongHKAdopt/posts/152996133161453,https://www.instagram.com/p/CFwqRh2lvAQ/,https://t.me/siuyeongHKAdopt/122
Hong Kong Dog Rescue,Dog,F,Pansy,https://hongkongdogrescue.com/dogs/Pansy/,https://www.facebook.com/siuyeongHKAdopt/posts/152653219862411,https://www.instagram.com/p/CFuKWs9lJfw/,https://t.me/siuyeongHKAdopt/121
Hong Kong Dog Rescue,Dog,F,Junket,https://hongkongdogrescue.com/dogs/Junket/,https://www.facebook.com/siuyeongHKAdopt/posts/152284783232588,https://www.instagram.com/p/CFrikW7FS7t/,https://t.me/siuyeongHKAdopt/120
Hong Kong Rabit Society,Rabbit,F,Tuesday,https://www.hkrabbit.org/?cat=4&rabbitID=18076,https://www.facebook.com/siuyeongHKAdopt/posts/151899266604473,https://www.instagram.com/p/CFpCDO2l0LK/,https://t.me/siuyeongHKAdopt/119
SPCA,Cat,F,Giselle,https://main.spca.org.hk/ASPNET2/Adoption/chi/homing_detail_s1_new6.aspx?number=489517,https://www.facebook.com/siuyeongHKAdopt/posts/151780009949732,https://www.instagram.com/p/CFoGUrmlLb0/,https://t.me/siuyeongHKAdopt/118
Paws United Charity,Dog,F,Lati,https://instagr.am/p/CFhKd8IjA_l/,https://www.facebook.com/siuyeongHKAdopt/posts/151531229974610,https://www.instagram.com/p/CFmLXnJlnUl/,https://t.me/siuyeongHKAdopt/117
HKSCDA,Cat,M,醬爆,https://hkscda.com/animal/id/1539,https://www.facebook.com/siuyeongHKAdopt/posts/151502056644194,https://www.instagram.com/p/CFl31jGlHHN/,https://t.me/siuyeongHKAdopt/116
SAA,Cat,F,Fuji,https://www.saa.org.hk/zh/ad_detail.php?id=284,https://www.facebook.com/siuyeongHKAdopt/posts/151449416649458,https://www.instagram.com/p/CFldOopFYyH/,https://t.me/siuyeongHKAdopt/115
HKAAC,Cat,F,夏薇,https://www.hk-aac.org.hk/貓狗領養?product_id=1599,https://www.facebook.com/siuyeongHKAdopt/posts/151185043342562,https://www.instagram.com/p/CFjoYWUF-WQ/,https://t.me/siuyeongHKAdopt/114
HKHERP,Snake,N/A,小班,https://www.hkherp.org.hk/product-page/王錦蛇-小班,https://www.facebook.com/siuyeongHKAdopt/posts/151108700016863,https://www.instagram.com/p/CFjFBI7FUjc/,https://t.me/siuyeongHKAdopt/113
Hong Kong Rabit Society,Rabbit,F,Zaka,https://www.hkrabbit.org/?cat=4&rabbitID=17562,https://www.facebook.com/siuyeongHKAdopt/posts/150855890042144,https://www.instagram.com/p/CFhSItBlf2b/,https://t.me/siuyeongHKAdopt/112
SPCA,Dog,M,Ming仔,https://main.spca.org.hk/ASPNET2/Adoption/chi/homing_detail_s1_new6.aspx?number=490285,https://www.facebook.com/siuyeongHKAdopt/posts/150540470073686,https://www.instagram.com/p/CFewqgwFdBj/,https://t.me/siuyeongHKAdopt/111
HKSCDA,Dog,M,Bobby,https://hkscda.com/animal/id/1396,https://www.facebook.com/siuyeongHKAdopt/posts/150147593446307,https://www.instagram.com/p/CFcHJt8F8yQ/,https://t.me/siuyeongHKAdopt/110
SPCA,Dog,M,Ollie,https://main.spca.org.hk/ASPNET2/Adoption/chi/homing_detail_s1_new6.aspx?number=489434,https://www.facebook.com/siuyeongHKAdopt/posts/149788530148880,https://www.instagram.com/p/CFZkCrSlpxQ/,https://t.me/siuyeongHKAdopt/109
Hong Kong Dog Rescue,Dog,M,Harold,https://hongkongdogrescue.com/dogs/harley-2/,https://www.facebook.com/siuyeongHKAdopt/posts/149421823518884,https://www.instagram.com/p/CFW-UyzFXre/,https://t.me/siuyeongHKAdopt/108
SAA,Cat,F,小櫻,https://www.saa.org.hk/zh/ad_detail.php?id=248,https://www.facebook.com/siuyeongHKAdopt/posts/149281716866228,https://www.instagram.com/p/CFWASDrli7Q/,https://t.me/siuyeongHKAdopt/107
SPCA,Cat,F,Farrah,https://main.spca.org.hk/ASPNET2/Adoption/chi/homing_detail_s1_new6.aspx?number=485500,https://www.facebook.com/siuyeongHKAdopt/posts/148946690233064,https://www.instagram.com/p/CFTeuJNlkau/,https://t.me/siuyeongHKAdopt/106
HKAAC,Cat,M,三虎,https://www.hk-aac.org.hk/貓狗領養?product_id=1596,https://www.facebook.com/siuyeongHKAdopt/posts/148575420270191,https://www.instagram.com/p/CFRMzCzFXBT/,https://t.me/siuyeongHKAdopt/105
Paws United Charity,Dog,M,Blue,https://instagr.am/p/CFMIohKDy_2/,https://www.facebook.com/siuyeongHKAdopt/posts/148246100303123,https://www.instagram.com/p/CFPOdMqlnYe/,https://t.me/siuyeongHKAdopt/104
SPCA,Hedgehog,M,Sashimi,https://main.spca.org.hk/ASPNET2/Adoption/chi/homing_detail_s1_new6.aspx?number=490990,https://www.facebook.com/siuyeongHKAdopt/posts/147857300342003,https://www.instagram.com/p/CFMqkWgFYsC/,https://t.me/siuyeongHKAdopt/102
SPCA,Cat,F,Hiromi,https://main.spca.org.hk/ASPNET2/Adoption/chi/homing_detail_s1_new6.aspx?number=490161,https://www.facebook.com/siuyeongHKAdopt/posts/147466700381063,https://www.instagram.com/p/CFKEotCFd-5/,https://t.me/siuyeongHKAdopt/101
HKHERP,Turtle,F,朦豬豬,https://www.hkherp.org.hk/product-page/斑龜-朦豬豬,https://www.facebook.com/siuyeongHKAdopt/posts/147064283754638,https://www.instagram.com/p/CFHg_4mlybz/,https://t.me/siuyeongHKAdopt/100
Hong Kong Dog Rescue,Dog,F,Mango,https://hongkongdogrescue.com/dogs/mango/,https://www.facebook.com/siuyeongHKAdopt/posts/146669353794131,https://www.instagram.com/p/CFEzg1rlFjU/,https://t.me/siuyeongHKAdopt/99
Hong Kong Rabit Society,Rabbit,M,Boseman,https://www.hkrabbit.org/?cat=4&rabbitID=18030,https://www.facebook.com/siuyeongHKAdopt/posts/146436780484055,https://www.instagram.com/p/CFEB67iFEfU/,https://t.me/siuyeongHKAdopt/98
HKAAC,Cat,F,春嬌,https://www.hk-aac.org.hk/貓狗領養?product_id=1592,https://www.facebook.com/siuyeongHKAdopt/posts/146116450516088,https://www.instagram.com/p/CFB30fJFgJ4/,https://t.me/siuyeongHKAdopt/97
SPCA,Cat,M,Jackson,https://main.spca.org.hk/ASPNET2/Adoption/chi/homing_detail_s1_new6.aspx?number=207308,https://www.facebook.com/siuyeongHKAdopt/posts/145826823878384,https://www.instagram.com/p/CE_1-Tpl5Hf/,https://t.me/siuyeongHKAdopt/96
Hong Kong Dog Rescue,Dog,F,Sephora,https://hongkongdogrescue.com/dogs/flora/,https://www.facebook.com/siuyeongHKAdopt/posts/145451817249218,https://www.instagram.com/p/CE9LVEzl0hs/,https://t.me/siuyeongHKAdopt/95
HKSCDA,Dog,M,陽五,https://hk.appledaily.com/lifestyle/20200909/YBGYFGDF65FGZOWI6R4OTE2BJE/,https://www.facebook.com/siuyeongHKAdopt/posts/145076027286797,https://www.instagram.com/p/CE6prmcF9SO/,https://t.me/siuyeongHKAdopt/94
SPCA,Cat,M,喵喵,https://main.spca.org.hk/ASPNET2/Adoption/chi/homing_detail_s1_new6.aspx?number=482867,https://www.facebook.com/siuyeongHKAdopt/posts/144674090660324,https://www.instagram.com/p/CE4FbHKlJ45/,https://t.me/siuyeongHKAdopt/93
HKHERP,Snake,N/A,Pancake,https://www.hkherp.org.hk/product-page/球蟒-pancake,https://www.facebook.com/siuyeongHKAdopt/posts/144275687366831,https://www.instagram.com/p/CE1cozNFoBh/,https://t.me/siuyeongHKAdopt/92
SAA,Dog,M,Niku,https://www.saa.org.hk/zh/ad_detail.php?id=4,https://www.facebook.com/siuyeongHKAdopt/posts/143790837415316,https://www.instagram.com/p/CEx_PiZF_3L/,https://t.me/siuyeongHKAdopt/91
House of Joy & Mercy,Dog,F,妹頭,https://hk.appledaily.com/lifestyle/20200905/7ETEI66RSVEDLE7NMWIDZ7I2SQ/,https://www.facebook.com/siuyeongHKAdopt/posts/143511877443212,https://www.instagram.com/p/CEv-V05lFl8/,https://t.me/siuyeongHKAdopt/90
HKHERP,Turtle,M,Bike,https://www.hkherp.org.hk/product-page/草龜-bike,https://www.facebook.com/siuyeongHKAdopt/posts/143130414148025,https://www.instagram.com/p/CEt27Hvl3y9/,https://t.me/siuyeongHKAdopt/89
SPCA,Dog,F,黑妹,https://main.spca.org.hk/ASPNET2/Adoption/chi/homing_detail_s1_new6.aspx?number=463992,https://www.facebook.com/siuyeongHKAdopt/posts/142761084184958,https://www.instagram.com/p/CErRdGTlDgh/,https://t.me/siuyeongHKAdopt/88
SAA,Dog,M,Gas,https://www.saa.org.hk/zh/ad_detail.php?id=24,https://www.facebook.com/siuyeongHKAdopt/posts/142344897559910,https://www.instagram.com/p/CEomSy3lXp5/,https://t.me/siuyeongHKAdopt/87
Hong Kong Rabit Society,Rabbit,F,Casada,https://www.hkrabbit.org/?cat=4&rabbitID=17945,https://www.facebook.com/siuyeongHKAdopt/posts/141925707601829,https://www.instagram.com/p/CEmC2FzFmVC/,https://t.me/siuyeongHKAdopt/86
SPCA,Dog,F,Chibi,https://main.spca.org.hk/ASPNET2/Adoption/chi/homing_detail_s1_new6.aspx?number=488838,https://www.facebook.com/siuyeongHKAdopt/posts/141568420970891,https://www.instagram.com/p/CEjqllaFXiS/,https://t.me/siuyeongHKAdopt/85
Paws United Charity,Dog,F,Lorelai,https://instagr.am/p/CEg63E9DmHg/,https://www.facebook.com/siuyeongHKAdopt/posts/141532597641140,https://www.instagram.com/p/CEjeOTkl3TA/,https://t.me/siuyeongHKAdopt/83
HKHERP,Turtle,N/A,Gigi,https://hk.appledaily.com/lifestyle/20200830/BJ4XVVHMFFHJ3KXSAYQGYIVNNQ/,https://www.facebook.com/siuyeongHKAdopt/posts/141046091023124,https://www.instagram.com/p/CEgFSVeleKf/,https://t.me/siuyeongHKAdopt/82
SPCA,Dog,M,細佬,https://main.spca.org.hk/ASPNET2/Adoption/chi/homing_detail_s1_new6.aspx?number=457923,https://www.facebook.com/siuyeongHKAdopt/posts/140732214387845,https://www.instagram.com/p/CEd9OPEFGrK/,https://t.me/siuyeongHKAdopt/81
House of Joy & Mercy,Dog,M,On仔,https://hk.appledaily.com/lifestyle/20200829/LMBHFRT4XVAFPEPG3NRQRPXLLQ/,https://www.facebook.com/siuyeongHKAdopt/posts/140654157728984,https://www.instagram.com/p/CEdaoKQlbtx/,https://t.me/siuyeongHKAdopt/80
SPCA,Cat,F,Ellen,https://main.spca.org.hk/ASPNET2/Adoption/chi/homing_detail_s1_new6.aspx?number=485459,https://www.facebook.com/siuyeongHKAdopt/posts/140289597765440,https://www.instagram.com/p/CEbJGsqF9Ju/,https://t.me/siuyeongHKAdopt/79
HKAAC,Cat,F,皇妃,https://www.hk-aac.org.hk/貓狗領養?product_id=1575,https://www.facebook.com/siuyeongHKAdopt/posts/140014654459601,https://www.instagram.com/p/CEZOPR1l4Op/,https://t.me/siuyeongHKAdopt/78
HKSCDA,Dog,F,Betty,https://hk.appledaily.com/lifestyle/20200826/DS7H6IIOQNHE7JJCNJC6YDTKZA/,https://www.facebook.com/siuyeongHKAdopt/posts/139649884496078,https://www.instagram.com/p/CEWpASVF3ec/,https://t.me/siuyeongHKAdopt/77
Hong Kong Dog Rescue,Dog,M,Jedi,https://hongkongdogrescue.com/dogs/jedi/,https://www.facebook.com/siuyeongHKAdopt/posts/139268177867582,https://www.instagram.com/p/CEUClaxl26L/,https://t.me/siuyeongHKAdopt/76
Hong Kong Rabit Society,Rabbit,M,Moffy,https://www.hkrabbit.org/?cat=4&rabbitID=17414,https://www.facebook.com/siuyeongHKAdopt/posts/138843224576744,https://www.instagram.com/p/CERfz09ladT/,https://t.me/siuyeongHKAdopt/75
HKHERP,Turtle,N/A,綿花,https://hk.appledaily.com/lifestyle/20200823/7WZMGUG3QRFLZB2V5SE7IZKF3A/,https://www.facebook.com/siuyeongHKAdopt/posts/138274467966953,https://www.instagram.com/p/CEOBCZCFuxX/,https://t.me/siuyeongHKAdopt/74
House of Joy & Mercy,Dog,M,杯仔,https://hk.appledaily.com/lifestyle/20200822/TBCOWUQGRZE4ZO3YQBVQRE7PDI/,https://www.facebook.com/siuyeongHKAdopt/posts/137869994674067,https://www.instagram.com/p/CELw-uLlRrz/,https://t.me/siuyeongHKAdopt/73
SAA,Cat,M,麥兜,https://www.saa.org.hk/zh/ad_detail.php?id=264,https://www.facebook.com/siuyeongHKAdopt/posts/137534938040906,https://www.instagram.com/p/CEJ4FDilFul/,https://t.me/siuyeongHKAdopt/72
SPCA,Dog,M,太郎,https://main.spca.org.hk/ASPNET2/Adoption/chi/homing_detail_s1_new6.aspx?number=484321,https://www.facebook.com/siuyeongHKAdopt/posts/137026478091752,https://www.instagram.com/p/CEHJXDzly9r/,https://t.me/siuyeongHKAdopt/71
HKSCDA,Cat,F,心心,https://hk.appledaily.com/lifestyle/20200819/RUZAUNJC2RHXHGMFGJBASZ4M3Q/,https://www.facebook.com/siuyeongHKAdopt/posts/136488881478845,https://www.instagram.com/p/CEEj60xFus6/,https://t.me/siuyeongHKAdopt/70
Hong Kong Dog Rescue,Dog,F,Constance,https://hongkongdogrescue.com/dogs/constance-4/,https://www.facebook.com/siuyeongHKAdopt/posts/135529004908166,https://www.instagram.com/p/CECFLyqJUvZ/,https://t.me/siuyeongHKAdopt/69
SPCA,Cat,F,Jumpy,https://main.spca.org.hk/ASPNET2/Adoption/chi/homing_detail_s1_new6.aspx?number=483602,https://www.facebook.com/siuyeongHKAdopt/posts/134366558357744,https://www.instagram.com/p/CD-isPBFfsk/,https://t.me/siuyeongHKAdopt/68
Hong Kong Rabit Society,Rabbit,M,Puddle,https://www.hkrabbit.org/?cat=4&rabbitID=17855,https://www.facebook.com/siuyeongHKAdopt/posts/134098311717902,https://www.instagram.com/p/CD9EfZnFfqj/,https://t.me/siuyeongHKAdopt/67
HKHERP,Turtle,N/A,Amphidro,https://hk.appledaily.com/lifestyle/20200816/TABSD7CNJBBABHSJ6245E5E5U4/,https://www.facebook.com/siuyeongHKAdopt/posts/133824468411953,https://www.instagram.com/p/CD7nE0GlSLF/,https://t.me/siuyeongHKAdopt/66
House of Joy & Mercy,Dog,M,樂樂,https://hk.appledaily.com/lifestyle/20200815/RRTGX5W7ARF4PKWYBPNNGVTDCY/,https://www.facebook.com/siuyeongHKAdopt/posts/133573635103703,https://www.instagram.com/p/CD6NjxrFvo8/,https://t.me/siuyeongHKAdopt/65
Paws United Charity,Dog,M,Karl,https://instagr.am/p/CD1Cu3pjEBN/,https://www.facebook.com/siuyeongHKAdopt/posts/133461325114934,https://www.instagram.com/p/CD5lV_tFe70/,https://t.me/siuyeongHKAdopt/64
SAA,Cat,F,Pumpkin,https://www.saa.org.hk/zh/ad_detail.php?id=110,https://www.facebook.com/siuyeongHKAdopt/posts/132907101837023,https://www.instagram.com/p/CD3B3JGF-Uo/,https://t.me/siuyeongHKAdopt/63
SPCA,Dog,M,Norman,https://main.spca.org.hk/ASPNET2/Adoption/chi/homing_detail_s1_new6.aspx?number=485735,https://www.facebook.com/siuyeongHKAdopt/posts/132870838507316,https://www.instagram.com/p/CD25DH3ls33/,https://t.me/siuyeongHKAdopt/62
HKAAC,Dog,M,熊貓,https://www.hk-aac.org.hk/貓狗領養?product_id=1516,https://www.facebook.com/siuyeongHKAdopt/posts/132517768542623,https://www.instagram.com/p/CD1LGIaFMMA/,https://t.me/siuyeongHKAdopt/60
Hong Kong Rabit Society,Rabbit,M,Neptunus,https://www.hkrabbit.org/?cat=4&rabbitID=11754,https://www.facebook.com/siuyeongHKAdopt/posts/131928245268242,https://www.instagram.com/p/CDymWDKlb18/,https://t.me/siuyeongHKAdopt/59
HKAAC,蜥蜴,M,Naga,https://main.spca.org.hk/ASPNET2/Adoption/chi/homing_detail_s1_new6.aspx?number=488566,https://www.facebook.com/siuyeongHKAdopt/posts/131314378662962,https://www.instagram.com/p/CDwANTdFIRU/,https://t.me/siuyeongHKAdopt/58
Hong Kong Dog Rescue,Dog,F,Starling,https://hk.appledaily.com/lifestyle/20200810/PRAF7KB52VFBTPJ44G3HKSKRME/,https://www.facebook.com/siuyeongHKAdopt/posts/129922362135497,https://www.instagram.com/p/CDtaPSZl-k_/,https://t.me/siuyeongHKAdopt/57
SPCA,Cat,F,Delia,https://main.spca.org.hk/ASPNET2/Adoption/chi/homing_detail_s1_new6.aspx?number=487162,https://www.facebook.com/siuyeongHKAdopt/posts/127481582379575,https://www.instagram.com/p/CDqIoLIltvH/,https://t.me/siuyeongHKAdopt/56
Hong Kong Abandoned Turtle's Concern Group,Turtle,F,N/A,https://fb.com/permalink.php?story_fbid=1443632405832133&id=595394130655969,https://www.facebook.com/siuyeongHKAdopt/posts/126968865764180,https://www.instagram.com/p/CDnz39plO8i/,https://t.me/siuyeongHKAdopt/55
SAA,Cat,F,𡃁妹,https://www.saa.org.hk/zh/ad_detail.php?id=166,https://www.facebook.com/siuyeongHKAdopt/posts/126830365778030,https://www.instagram.com/p/CDnZOColHTs/,https://t.me/siuyeongHKAdopt/54
HKAAC,Dog,M,發仔,https://www.hk-aac.org.hk/貓狗領養?product_id=1511,https://www.facebook.com/siuyeongHKAdopt/posts/126468589147541,https://www.instagram.com/p/CDlz6HYFjtW/,https://t.me/siuyeongHKAdopt/53
SPCA,Cat,M,Paman,https://main.spca.org.hk/ASPNET2/Adoption/chi/homing_detail_s1_new6.aspx?number=487886,https://www.facebook.com/siuyeongHKAdopt/posts/126132902514443,https://www.instagram.com/p/CDkrdmJlsBH/,https://t.me/siuyeongHKAdopt/52
Hong Kong Rabit Society,Rabbit,M,Dooku,https://www.hkrabbit.org/?cat=4&rabbitID=17830,https://www.facebook.com/siuyeongHKAdopt/posts/125856869208713,https://www.instagram.com/p/CDjWWa2JCJQ/,https://t.me/siuyeongHKAdopt/51
HKSCDA,Cat,M,Summer,https://hkscda.com/animal/id/1457,https://www.facebook.com/siuyeongHKAdopt/posts/125632189231181,https://www.instagram.com/p/CDiXSv7pvhP/,https://t.me/siuyeongHKAdopt/50
SPCA,Turtle,M,Luigi,https://main.spca.org.hk/ASPNET2/Adoption/chi/homing_detail_s1_new6.aspx?number=486560,https://www.facebook.com/siuyeongHKAdopt/posts/125218535939213,https://www.instagram.com/p/CDgiqL6pt1i/,https://t.me/siuyeongHKAdopt/49
SAA,Dog,M,Edwin,https://www.saa.org.hk/zh/ad_detail.php?id=250,https://www.facebook.com/siuyeongHKAdopt/posts/124597989334601,https://www.instagram.com/p/CDd-oibpyOM/,https://t.me/siuyeongHKAdopt/48
HKSCDA,Cat,F,Silly,https://hkscda.com/animal/id/702,https://www.facebook.com/siuyeongHKAdopt/posts/123984022729331,https://www.instagram.com/p/CDbfalspSuS/,https://t.me/siuyeongHKAdopt/47
Hong Kong Dog Rescue,Dog,F,Ovaltine,https://hongkongdogrescue.com/dogs/ovaltine/,https://www.facebook.com/siuyeongHKAdopt/posts/123697882757945,https://www.instagram.com/p/CDaZNO7paIK/,https://t.me/siuyeongHKAdopt/46
HKHERP,Gecko,M,癦糖,https://hk.appledaily.com/lifestyle/20200802/27BRM3I565GLPLB6PFRXQEPRGE/,https://www.facebook.com/siuyeongHKAdopt/posts/123270132800720,https://www.instagram.com/p/CDYc9gtJtso/,https://t.me/siuyeongHKAdopt/45
Hong Kong Rabit Society,Rabbit,M,Tickle,https://www.hkrabbit.org/?cat=4&rabbitID=17836,https://www.facebook.com/siuyeongHKAdopt/posts/123144026146664,https://www.instagram.com/p/CDX1ItIJCZR/,https://t.me/siuyeongHKAdopt/44
House of Joy & Mercy,Dog,F,平平,https://hk.appledaily.com/lifestyle/20200801/N7MCNUIOCFG7BE6MQ5P56WFJTE/,https://www.facebook.com/siuyeongHKAdopt/posts/122632872864446,https://www.instagram.com/p/CDVjYxPJSr3/,https://t.me/siuyeongHKAdopt/43
SPCA,Dog,F,阿兜,https://main.spca.org.hk/ASPNET2/Adoption/chi/homing_detail_s1_new6.aspx?number=483860,https://www.facebook.com/siuyeongHKAdopt/posts/121863709608029,https://www.instagram.com/p/CDS4GBoJCql/,https://t.me/siuyeongHKAdopt/41
HKSCDA,Dog,M,Bobby,https://hkscda.com/animal/id/1396,https://www.facebook.com/siuyeongHKAdopt/posts/121541159640284,https://www.instagram.com/p/CDRZmihJDX7/,https://t.me/siuyeongHKAdopt/40
Hong Kong Dog Rescue,Dog,F,Mia,https://hongkongdogrescue.com/dogs/mia/,https://www.facebook.com/siuyeongHKAdopt/posts/121266176334449,https://www.instagram.com/p/CDQWLALpvjG/,https://t.me/siuyeongHKAdopt/39
SPCA,Turtle,N/A,Luke,https://main.spca.org.hk/ASPNET2/Adoption/chi/homing_detail_s1_new6.aspx?number=486910,https://www.facebook.com/siuyeongHKAdopt/posts/120647889729611,https://www.instagram.com/p/CDN5M2fpF-l/,https://t.me/siuyeongHKAdopt/38
HKAAC,Dog,M,工藤,https://www.hk-aac.org.hk/貓狗領養?product_id=1549,https://www.facebook.com/siuyeongHKAdopt/posts/119926989801701,https://www.instagram.com/p/CDLObcfpxvt/,https://t.me/siuyeongHKAdopt/37
Hong Kong Rabit Society,Rabbit,M,Nigo,https://www.hkrabbit.org/?cat=4&rabbitID=17762,https://www.facebook.com/siuyeongHKAdopt/posts/119838209810579,https://www.instagram.com/p/CDKxTVcpSTF/,https://t.me/siuyeongHKAdopt/36
HKSCDA,Cat,F,Mona Lisa,https://hk.appledaily.com/lifestyle/20200727/GRFIIOM26LGR7SJGYZCEA3MMWE/,https://www.facebook.com/siuyeongHKAdopt/posts/119311369863263,https://www.instagram.com/p/CDIkm0LJx_a/,https://t.me/siuyeongHKAdopt/34
SPCA,Cat,M,琥珀,https://main.spca.org.hk/ASPNET2/Adoption/chi/homing_detail_s1_new6.aspx?number=347040,https://www.facebook.com/siuyeongHKAdopt/posts/117961783331555,https://www.instagram.com/p/CDGEWBQJH-G/,https://t.me/siuyeongHKAdopt/33
HKSCDA,Dog,M,珍寶珠,https://hk.appledaily.com/lifestyle/20200725/ZYUUJIPIFHO5564UBWWA2UJW7Q/,https://www.facebook.com/siuyeongHKAdopt/posts/117177273410006,https://www.instagram.com/p/CDDeb6ApYz8/,https://t.me/siuyeongHKAdopt/32
SAA,Cat,M,麥樂,https://www.saa.org.hk/zh/ad_detail.php?id=266,https://www.facebook.com/siuyeongHKAdopt/posts/116503536810713,https://www.instagram.com/p/CDA-4JBJsH5/,https://t.me/siuyeongHKAdopt/31
SPCA,Dog,M,Hulk,https://main.spca.org.hk/ASPNET2/Adoption/chi/homing_detail_s1_new6.aspx?number=455589,https://www.facebook.com/siuyeongHKAdopt/posts/115844443543289,https://www.instagram.com/p/CC-q4R6p9Sg/,https://t.me/siuyeongHKAdopt/30
Hong Kong Rabit Society,Rabbit,F,Peepsy,https://www.hkrabbit.org/?cat=4&rabbitID=17744,https://www.facebook.com/siuyeongHKAdopt/posts/115645646896502,https://www.instagram.com/p/CC-CmXtJqO3/,https://t.me/siuyeongHKAdopt/29
HKSCDA,Cat,F,雷曼,https://hk.appledaily.com/lifestyle/20200722/RMREWJ2RFSDOCZINJP36DSA7S4/,https://www.facebook.com/siuyeongHKAdopt/posts/114465857014481,https://www.instagram.com/p/CC7eMAIJL6d/,https://t.me/siuyeongHKAdopt/28
Paws United Charity,Dog,F,Peanut,https://instagr.am/p/CC3qK9ljQ16/,https://www.facebook.com/siuyeongHKAdopt/posts/113253403802393,https://www.instagram.com/p/CC5I_T2pCR3/,https://t.me/siuyeongHKAdopt/27
Hong Kong Dog Rescue,Dog,M,Sweep,https://hongkongdogrescue.com/dogs/sweep/,https://www.facebook.com/siuyeongHKAdopt/posts/112368750557525,https://www.instagram.com/p/CC3Pkj3p2hE/,https://t.me/siuyeongHKAdopt/26
SAA,Dog,M,阿來,https://www.saa.org.hk/zh/ad_detail.php?id=269,https://www.facebook.com/siuyeongHKAdopt/posts/111919640602436,https://www.instagram.com/p/CC2YdhsJvjq/,https://t.me/siuyeongHKAdopt/25
SPCA,Rabbit,F,Harlie,https://main.spca.org.hk/ASPNET2/Adoption/chi/homing_detail_s1_new6.aspx?number=478441,https://www.facebook.com/siuyeongHKAdopt/posts/110775244050209,https://www.instagram.com/p/CCz194NpUgi/,https://t.me/siuyeongHKAdopt/24
HKHERP,Turtle,N/A,Red,https://fb.com/hkherpadoption/posts/3656694881011964,https://www.facebook.com/siuyeongHKAdopt/posts/109667357494331,https://www.instagram.com/p/CCxc4-7pQEn/,https://t.me/siuyeongHKAdopt/23
HKSCDA,Cat,M,飯焦 & 飯糰,https://fb.com/HKSCDA/posts/1956631091139906,https://www.facebook.com/siuyeongHKAdopt/posts/108952130899187,https://www.instagram.com/p/CCv570UJ4mU/,https://t.me/siuyeongHKAdopt/22
SPCA,Dog,M,Tripod,https://main.spca.org.hk/ASPNET2/Adoption/chi/homing_detail_s1_new6.aspx?number=479659,https://www.facebook.com/siuyeongHKAdopt/posts/108408270953573,https://www.instagram.com/p/CCuyi9dpmyO/,https://t.me/siuyeongHKAdopt/21
Cats in Hope,Cat,M,薯仔 × 添添,https://fb.com/catsinhopehk/posts/181068486740994,https://www.facebook.com/siuyeongHKAdopt/posts/107671634360570,https://www.instagram.com/p/CCtJRfGJBGI/,https://t.me/siuyeongHKAdopt/20
HKAAC,Cat,F,Mason,https://www.hk-aac.org.hk/貓狗領養?product_id=1541,https://www.facebook.com/siuyeongHKAdopt/posts/107130394414694,https://www.instagram.com/p/CCsHZTBJmpE/,https://t.me/siuyeongHKAdopt/18
SPCA,Dog,M,Fudge,https://main.spca.org.hk/ASPNET2/Adoption/chi/homing_detail_s1_new6.aspx?number=476983,https://www.facebook.com/siuyeongHKAdopt/posts/106451241149276,https://www.instagram.com/p/CCqfiAPpGA_/,https://t.me/siuyeongHKAdopt/17
HKSCDA,Dog,F,麥記,https://hkscda.com/animal/id/1074,https://www.facebook.com/siuyeongHKAdopt/posts/106049577856109,https://www.instagram.com/p/CCptqZ5JTmv/,https://t.me/siuyeongHKAdopt/15
Hong Kong Meow University,Cat,M,王子,https://fb.com/meowu.edu.hk/posts/149797936736369,https://www.facebook.com/siuyeongHKAdopt/posts/105396087921458,https://www.instagram.com/p/CCoD0JypAxw/,https://t.me/siuyeongHKAdopt/14
Hong Kong Abandoned Turtle's Concern Group,Turtle,F,草莓,https://fb.com/permalink.php?story_fbid=1421639631364744&id=595394130655969,https://www.facebook.com/siuyeongHKAdopt/posts/105304131263987,https://www.instagram.com/p/CCn5bbgJkGw/,https://t.me/siuyeongHKAdopt/13
Hong Kong Dog Rescue,Dog,M,Zippy,https://hk.appledaily.com/lifestyle/20200714/6P3XYSKHAAROLA6WEOSZVWQJNQ/,https://www.facebook.com/siuyeongHKAdopt/posts/104388474688886,https://www.instagram.com/p/CClr9pZJo7G/,https://t.me/siuyeongHKAdopt/12
SPCA,Cat,F,Eileen,https://main.spca.org.hk/ASPNET2/Adoption/chi/homing_detail_s1_new6.aspx?number=484027,https://www.facebook.com/siuyeongHKAdopt/posts/104216224706111,https://www.instagram.com/p/CClXesmJft_/,https://t.me/siuyeongHKAdopt/11
Hong Kong Rabit Society,Rabbit,M,Tohato,https://www.hkrabbit.org/?cat=4&rabbitID=17686,https://www.facebook.com/siuyeongHKAdopt/posts/103810121413388,https://www.instagram.com/p/CCkkDGKpnUC/,https://t.me/siuyeongHKAdopt/10
SAA,Dog,F,Wing Wing,https://www.saa.org.hk/zh/ad_detail.php?id=15,https://www.facebook.com/siuyeongHKAdopt/posts/103192608141806,https://www.instagram.com/p/CCixMDGJtQU/,https://t.me/siuyeongHKAdopt/8
Meow Planet Shelter,Cat,F,小丸子,https://fb.com/meowplanetaac/posts/1549123388586162,https://www.facebook.com/siuyeongHKAdopt/posts/102912098169857,https://www.instagram.com/p/CCiFBk4JtBB/,https://t.me/siuyeongHKAdopt/7
Hong Kong Dog Rescue,Dog,F,Latte,https://hongkongdogrescue.com/dogs/latte/,https://www.facebook.com/siuyeongHKAdopt/posts/102770538184013,https://www.instagram.com/p/CChzq68JDck/,https://t.me/siuyeongHKAdopt/6
SPCA,Dog,F,Dorothy,https://main.spca.org.hk/ASPNET2/Adoption/chi/homing_detail_s1_new6.aspx?number=336462,https://www.facebook.com/siuyeongHKAdopt/posts/102360268225040,https://www.instagram.com/p/CCghQf1JMhw/,https://t.me/siuyeongHKAdopt/4